DATE,CPI,CoreCPI,PCE,CorePCE,IP,UNEM,INC,WORK,HS,GS5,TB3MS,CorePCE_alt_PCEPILFE,SPREAD
1984-01-01,102.1,42.19156,2419.4,47.121,53.0985,8.0,0.6,92673,1897,11.37,8.9,47.121,2.469999999999999
1984-02-01,102.6,42.315290000000005,2403.5,47.418,53.3318,7.8,-1.3,93157,2260,11.54,9.09,47.418,2.4499999999999993
1984-03-01,102.9,42.48026,2431.6,47.598,53.5929,7.8,0.8,93429,1663,12.02,9.52,47.598,2.5
1984-04-01,103.3,42.68647,2457.5,47.822,53.91,7.7,0.7,93792,1851,12.37,9.69,47.822,2.6799999999999997
1984-05-01,103.5,42.85145,2474.5,47.933,54.2026,7.4,0.6,94098,1774,13.17,9.83,47.933,3.34
1984-06-01,103.7,42.97517,2495.6,48.046,54.4014,7.2,0.7,94479,1843,13.48,9.87,48.046,3.610000000000001
1984-07-01,104.1,43.14015,2494.6,48.253,54.5521,7.5,-0.4,94789,1732,13.27,10.12,48.253,3.1500000000000004
1984-08-01,104.4,43.34636,2512.2,48.412,54.6083,7.5,0.4,95032,1586,12.68,10.47,48.412,2.209999999999999
1984-09-01,104.7,43.63506,2533.8,48.486,54.4466,7.3,0.7,95344,1698,12.53,10.37,48.486,2.16
1984-10-01,105.1,43.84128,2531.3,48.595,54.4406,7.4,-0.3,95629,1590,12.06,9.74,48.595,2.3200000000000003
1984-11-01,105.3,43.92376,2571.4,48.698,54.624,7.2,1.4,95982,1689,11.33,8.61,48.698,2.7200000000000006
1984-12-01,105.5,44.00625,2582.6,48.891,54.6416,7.3,0.2,96107,1612,11.07,8.06,48.891,3.01
1985-01-01,105.7,44.08874,2618.8,49.165,54.6322,7.3,0.9,96372,1711,10.93,7.76,49.165,3.17
1985-02-01,106.3,44.29495,2640.8,49.42,54.7825,7.2,0.4,96503,1632,11.13,8.27,49.42,2.860000000000001
1985-03-01,106.8,44.50117,2648.5,49.593,54.8653,7.2,-0.1,96842,1800,11.52,8.52,49.593,3.0
1985-04-01,107.0,44.62489,2659.5,49.652,54.7459,7.3,0.3,97038,1821,11.01,7.95,49.652,3.0599999999999996
1985-05-01,107.2,44.78987,2696.4,49.823,54.8255,7.2,1.2,97312,1680,10.34,7.48,49.823,2.8599999999999994
1985-06-01,107.5,44.87235,2689.4,49.988,54.7989,7.4,-0.5,97459,1676,9.6,6.95,49.988,2.6499999999999995
1985-07-01,107.7,44.95484,2715.7,50.134,54.5396,7.4,0.7,97648,1684,9.7,7.08,50.134,2.619999999999999
1985-08-01,107.9,45.11981,2752.1,50.38,54.7055,7.1,1.0,97840,1743,9.81,7.14,50.38,2.670000000000001
1985-09-01,108.1,45.36727,2794.7,50.484,54.8906,7.1,1.4,98045,1676,9.81,7.1,50.484,2.710000000000001
1985-10-01,108.5,45.65597,2755.8,50.565,54.7199,7.1,-1.5,98233,1834,9.69,7.16,50.565,2.5299999999999994
1985-11-01,109.0,45.86218,2771.1,50.689,54.9124,7.0,0.3,98443,1698,9.28,7.24,50.689,2.039999999999999
1985-12-01,109.5,45.90343,2811.3,50.827,55.4412,7.0,1.1,98609,1942,8.73,7.1,50.827,1.6300000000000008
1986-01-01,109.9,46.02716,2827.1,51.101,55.7481,6.7,0.1,98732,1972,8.68,7.07,51.101,1.6099999999999994
1986-02-01,109.7,46.15088,2820.2,51.233,55.3568,7.2,-0.3,98847,1848,8.34,7.06,51.233,1.2800000000000002
1986-03-01,109.1,46.31586,2823.6,51.389,54.9625,7.2,0.3,98934,1876,7.46,6.56,51.389,0.9000000000000004
1986-04-01,108.7,46.48083,2835.2,51.482,55.0413,7.1,0.6,99121,1933,7.05,6.06,51.482,0.9900000000000002
1986-05-01,109.0,46.56331,2857.5,51.57,55.1226,7.2,0.6,99248,1854,7.52,6.15,51.57,1.3699999999999992
1986-06-01,109.4,46.6458,2861.7,51.725,54.9005,7.2,-0.2,99155,1847,7.64,6.21,51.725,1.4299999999999997
1986-07-01,109.5,46.81077,2881.2,51.819,55.2592,7.0,0.7,99473,1782,7.06,5.83,51.819,1.2299999999999995
1986-08-01,109.6,46.9345,2898.6,51.925,55.1567,6.9,0.5,99588,1807,6.8,5.53,51.925,1.2699999999999996
1986-09-01,110.0,47.2232,2971.8,52.096,55.2975,7.0,2.2,99934,1687,6.92,5.21,52.096,1.71
1986-10-01,110.2,47.47066,2932.9,52.273,55.5332,7.0,-1.5,100121,1681,6.83,5.18,52.273,1.6500000000000004
1986-11-01,110.4,47.59439,2928.4,52.384,55.7557,6.9,-0.3,100308,1623,6.76,5.35,52.384,1.4100000000000001
1986-12-01,110.8,47.63563,2997.1,52.452,56.2845,6.6,2.2,100509,1833,6.67,5.53,52.452,1.1399999999999997
1987-01-01,111.4,47.75936,2935.5,52.578,56.0882,6.6,-2.6,100678,1774,6.64,5.43,52.578,1.21
1987-02-01,111.8,47.88309,3001.7,52.685,56.8275,6.6,1.9,100919,1784,6.79,5.59,52.685,1.2000000000000002
1987-03-01,112.2,48.17179,3013.3,52.841,56.9098,6.6,0.1,101164,1726,6.79,5.59,52.841,1.2000000000000002
1987-04-01,112.7,48.41925,3038.8,53.065,57.2701,6.3,0.5,101499,1614,7.57,5.64,53.065,1.9300000000000006
1987-05-01,113.0,48.501740000000005,3048.4,53.214,57.6322,6.3,0.1,101728,1628,8.26,5.66,53.214,2.5999999999999996
1987-06-01,113.5,48.54298,3072.8,53.36,57.9307,6.2,0.4,101900,1594,8.02,5.67,53.36,2.3499999999999996
1987-07-01,113.8,48.66671,3094.7,53.498,58.3258,6.1,0.5,102247,1575,8.01,5.69,53.498,2.3199999999999994
1987-08-01,114.3,48.91417,3130.8,53.679,58.7636,6.0,0.8,102420,1605,8.32,6.04,53.679,2.2800000000000002
1987-09-01,114.7,49.24411,3126.5,53.892,58.9951,5.9,-0.5,102647,1695,8.94,6.4,53.892,2.539999999999999
1987-10-01,115.0,49.53281,3134.5,54.122,59.781,6.0,-0.1,103138,1515,9.08,6.13,54.122,2.95
1987-11-01,115.4,49.69778,3144.2,54.235,60.0726,5.8,0.1,103372,1656,8.35,5.69,54.235,2.6599999999999993
1987-12-01,115.6,49.65654,3174.1,54.349,60.4095,5.7,0.8,103661,1400,8.45,5.77,54.349,2.6799999999999997
1988-01-01,116.0,49.82151,3213.7,54.606,60.3976,5.7,0.9,103753,1271,8.18,5.81,54.606,2.37
1988-02-01,116.2,49.945240000000005,3221.4,54.718,60.7003,5.7,0.1,104214,1473,7.71,5.66,54.718,2.05
1988-03-01,116.5,50.27518,3260.5,54.952,60.8501,5.7,0.9,104489,1532,7.83,5.7,54.952,2.13
1988-04-01,117.2,50.4814,3263.0,55.219,61.2031,5.4,-0.4,104732,1573,8.19,5.91,55.219,2.2799999999999994
1988-05-01,117.5,50.60513,3293.6,55.407,61.0797,5.6,0.6,104962,1421,8.58,6.26,55.407,2.3200000000000003
1988-06-01,118.0,50.72886,3318.5,55.641,61.2569,5.4,0.3,105326,1478,8.49,6.46,55.641,2.0300000000000002
1988-07-01,118.5,50.85258,3342.7,55.868,61.2659,5.4,0.2,105550,1467,8.66,6.73,55.868,1.9299999999999997
1988-08-01,119.0,51.0588,3368.0,56.007,61.5731,5.6,0.4,105674,1493,8.94,7.06,56.007,1.88
1988-09-01,119.5,51.42999,3375.0,56.307,61.3807,5.4,-0.3,106013,1492,8.69,7.24,56.307,1.4499999999999993
1988-10-01,119.9,51.75993,3413.7,56.521,61.6453,5.4,0.8,106276,1522,8.51,7.35,56.521,1.1600000000000001
1988-11-01,120.3,51.88366,3430.2,56.676,61.7944,5.3,0.3,106617,1569,8.79,7.76,56.676,1.0299999999999994
1988-12-01,120.7,51.96614,3459.7,56.864,62.0743,5.3,0.5,106898,1563,9.09,8.07,56.864,1.0199999999999996
1989-01-01,121.2,52.13111,3483.7,57.152,62.2574,5.4,0.2,107161,1621,9.15,8.27,57.152,0.8800000000000008
1989-02-01,121.6,52.33733,3488.0,57.297,61.9819,5.2,-0.2,107427,1425,9.27,8.53,57.297,0.7400000000000002
1989-03-01,122.2,52.62603000000001,3498.8,57.468,62.1369,5.0,-0.1,107621,1422,9.51,8.82,57.468,0.6899999999999995
1989-04-01,123.1,52.791,3543.0,57.661,62.1276,5.2,0.6,107791,1339,9.3,8.65,57.661,0.6500000000000004
1989-05-01,123.7,52.914730000000006,3551.8,57.833,61.7744,5.2,-0.1,107913,1331,8.91,8.43,57.833,0.4800000000000004
1989-06-01,124.1,52.99722,3566.6,57.987,61.7697,5.3,0.2,108027,1397,8.29,8.15,57.987,0.1399999999999988
1989-07-01,124.5,53.20343,3585.7,58.136,61.1738,5.2,0.3,108069,1427,7.83,7.88,58.136,-0.04999999999999982
1989-08-01,124.5,53.32716,3620.6,58.217,61.7732,5.2,1.0,108120,1332,8.09,7.9,58.217,0.1899999999999995
1989-09-01,124.8,53.61586,3621.9,58.419,61.5796,5.3,-0.2,108369,1279,8.17,7.75,58.419,0.41999999999999993
1989-10-01,125.4,53.98705,3633.6,58.631,61.4966,5.3,-0.1,108476,1410,7.97,7.64,58.631,0.33000000000000007
1989-11-01,125.9,54.15201999999999,3643.3,58.787,61.7044,5.4,0.1,108752,1351,7.81,7.69,58.787,0.11999999999999922
1989-12-01,126.3,54.23451,3684.2,58.954,62.0428,5.4,0.8,108836,1251,7.75,7.63,58.954,0.1200000000000001
1990-01-01,127.5,54.44072,3730.7,59.181,61.729,5.4,0.5,109196,1551,8.12,7.64,59.181,0.47999999999999954
1990-02-01,128.0,54.77066,3728.2,59.468,62.2896,5.3,-0.5,109436,1437,8.42,7.74,59.468,0.6799999999999997
1990-03-01,128.6,55.224340000000005,3754.9,59.754,62.5999,5.2,0.3,109640,1289,8.6,7.9,59.754,0.6999999999999993
1990-04-01,128.9,55.34806999999999,3770.0,59.932,62.4359,5.4,0.2,109674,1248,8.77,7.77,59.932,1.0
1990-05-01,129.1,55.43055,3775.8,60.115,62.6258,5.4,-0.1,109828,1212,8.74,7.74,60.115,1.0
1990-06-01,129.9,55.59551999999999,3804.5,60.349,62.8382,5.2,0.3,109850,1177,8.43,7.73,60.349,0.6999999999999993
1990-07-01,130.5,55.88421999999999,3821.7,60.501,62.7284,5.5,0.2,109815,1171,8.33,7.62,60.501,0.71
1990-08-01,131.6,56.25541,3848.3,60.753,62.9475,5.7,0.0,109607,1115,8.44,7.45,60.753,0.9899999999999993
1990-09-01,132.5,56.58536,3870.1,60.965,62.9523,5.9,-0.1,109522,1110,8.51,7.36,60.965,1.1499999999999995
1990-10-01,133.4,56.83281,3870.6,61.172,62.5845,5.9,-0.6,109377,1014,8.33,7.17,61.172,1.1600000000000001
1990-11-01,133.7,56.99779,3871.9,61.246,61.7887,6.2,-0.1,109222,1145,8.02,7.06,61.246,0.96
1990-12-01,134.2,57.03903,3861.3,61.331,61.3352,6.3,-0.4,109168,969,7.73,6.74,61.331,0.9900000000000002
1991-01-01,134.7,57.4927,3841.0,61.637,61.1355,6.4,-0.9,109058,798,7.7,6.22,61.637,1.4800000000000004
1991-02-01,134.8,57.863890000000005,3866.7,61.807,60.6838,6.6,0.6,108735,965,7.47,5.94,61.807,1.5299999999999994
1991-03-01,134.8,58.11135,3913.0,61.936,60.3346,6.8,1.2,108568,921,7.77,5.91,61.936,1.8599999999999994
1991-04-01,135.1,58.193830000000005,3907.1,62.06,60.4938,6.7,-0.3,108350,1001,7.7,5.65,62.06,2.05
1991-05-01,135.6,58.27632,3933.2,62.307,61.0633,6.9,0.2,108253,996,7.7,5.46,62.307,2.24
1991-06-01,136.0,58.3588,3940.5,62.442,61.5581,6.9,0.0,108330,1036,7.94,5.57,62.442,2.37
1991-07-01,136.2,58.56502,3966.0,62.632,61.7305,6.8,0.5,108290,1063,7.91,5.58,62.632,2.33
1991-08-01,136.6,58.85372,3969.1,62.804,61.7298,6.9,-0.2,108300,1049,7.43,5.33,62.804,2.0999999999999996
1991-09-01,137.0,59.14242,3984.7,63.055,62.2195,6.9,0.1,108335,1015,7.14,5.22,63.055,1.92
1991-10-01,137.2,59.34864,3976.0,63.194,62.1855,7.0,-0.4,108361,1079,6.87,4.99,63.194,1.88
1991-11-01,137.8,59.55485,4003.6,63.312,62.0871,7.0,0.5,108300,1103,6.62,4.56,63.312,2.0600000000000005
1991-12-01,138.2,59.55485,4020.5,63.468,61.7852,7.3,0.2,108330,1079,6.19,4.07,63.468,2.12
1992-01-01,138.3,59.76107,4084.7,63.641,61.4616,7.3,1.5,108365,1176,6.24,3.8,63.641,2.4400000000000004
1992-02-01,138.6,60.04977,4099.5,63.814,61.8955,7.4,0.1,108312,1250,6.58,3.84,63.814,2.74
1992-03-01,139.1,60.37971,4117.0,63.973,62.4232,7.4,0.2,108367,1297,6.95,4.04,63.973,2.91
1992-04-01,139.4,60.4622,4131.5,64.183,62.897,7.4,0.1,108516,1099,6.78,3.75,64.183,3.0300000000000002
1992-05-01,139.7,60.503440000000005,4158.4,64.273,63.104,7.6,0.5,108646,1214,6.69,3.63,64.273,3.0600000000000005
1992-06-01,140.1,60.585930000000005,4177.1,64.323,63.1363,7.8,0.3,108706,1145,6.48,3.66,64.323,2.8200000000000003
1992-07-01,140.5,60.7509,4204.8,64.566,63.7176,7.7,0.3,108793,1139,5.84,3.21,64.566,2.63
1992-08-01,140.8,60.91587,4220.9,64.625,63.3613,7.6,0.3,108916,1226,5.6,3.13,64.625,2.4699999999999998
1992-09-01,141.1,61.08084,4255.3,64.73,63.5703,7.6,0.6,108951,1186,5.38,2.91,64.73,2.4699999999999998
1992-10-01,141.7,61.45203000000001,4284.7,64.979,63.9995,7.3,0.3,109139,1244,5.6,2.86,64.979,2.7399999999999998
1992-11-01,142.1,61.57576,4300.5,65.121,64.2422,7.4,0.2,109283,1214,6.04,3.13,65.121,2.91
1992-12-01,142.3,61.53451,4336.4,65.242,64.3507,7.4,0.7,109502,1227,6.08,3.22,65.242,2.86
1993-01-01,142.8,61.82321999999999,4340.7,65.432,64.5978,7.3,-0.1,109790,1210,5.83,3.0,65.432,2.83
1993-02-01,143.1,62.1944,4355.3,65.557,64.9089,7.1,0.2,110047,1210,5.43,2.93,65.557,2.4999999999999996
1993-03-01,143.3,62.44186,4352.5,65.7,64.8522,7.0,-0.3,110004,1083,5.19,2.95,65.7,2.24
1993-04-01,143.8,62.56559,4393.4,65.891,65.0301,7.1,0.7,110300,1258,5.13,2.87,65.891,2.26
1993-05-01,144.2,62.56559,4422.4,66.114,64.784,7.1,0.3,110571,1260,5.2,2.96,66.114,2.24
1993-06-01,144.3,62.60683,4440.0,66.177,64.9301,7.0,0.4,110742,1280,5.22,3.07,66.177,2.15
1993-07-01,144.5,62.68932,4468.9,66.314,65.1052,6.9,0.5,111054,1254,5.09,3.04,66.314,2.05
1993-08-01,144.8,62.936780000000006,4481.1,66.438,65.0267,6.8,0.1,111200,1300,5.03,3.02,66.438,2.0100000000000002
1993-09-01,145.0,63.0605,4511.5,66.538,65.3717,6.7,0.6,111448,1343,4.73,2.95,66.538,1.7800000000000002
1993-10-01,145.6,63.30796,4532.8,66.647,65.8509,6.8,0.2,111734,1392,4.71,3.02,66.647,1.69
1993-11-01,146.0,63.472930000000005,4554.1,66.819,66.1518,6.6,0.3,111987,1376,5.06,3.1,66.819,1.9599999999999995
1993-12-01,146.3,63.472930000000005,4571.1,66.849,66.5436,6.5,0.4,112325,1533,5.15,3.06,66.849,2.0900000000000003
1994-01-01,146.3,63.63791,4585.1,66.902,66.7351,6.6,0.3,112601,1272,5.09,2.98,66.902,2.11
1994-02-01,146.7,63.92661,4632.6,67.047,66.774,6.6,0.8,112782,1337,5.4,3.25,67.047,2.1500000000000004
1994-03-01,147.1,64.25655,4646.0,67.275,67.4552,6.5,0.0,113245,1564,5.94,3.5,67.275,2.4400000000000004
1994-04-01,147.2,64.29779,4671.1,67.376,67.8541,6.4,0.4,113589,1465,6.52,3.68,67.376,2.8399999999999994
1994-05-01,147.5,64.33904,4669.5,67.526,68.1663,6.1,-0.2,113922,1526,6.78,4.14,67.526,2.6400000000000006
1994-06-01,147.9,64.42152,4708.9,67.676,68.6265,6.1,0.6,114239,1409,6.7,4.14,67.676,2.5600000000000005
1994-07-01,148.4,64.50401,4720.6,67.818,68.7178,6.1,-0.1,114608,1439,6.91,4.33,67.818,2.58
1994-08-01,149.0,64.75146,4762.6,67.894,69.1785,6.0,0.7,114902,1450,6.88,4.48,67.894,2.3999999999999995
1994-09-01,149.3,64.95768000000001,4775.0,67.997,69.3961,5.9,0.1,115246,1474,7.08,4.62,67.997,2.46
1994-10-01,149.4,65.16389000000001,4812.9,68.157,69.9544,5.8,0.6,115457,1450,7.4,4.95,68.157,2.45
1994-11-01,149.8,65.24638,4825.6,68.282,70.4326,5.6,0.1,115867,1511,7.72,5.29,68.282,2.4299999999999997
1994-12-01,150.1,65.12265,4841.6,68.305,71.1523,5.5,0.3,116174,1455,7.78,5.6,68.305,2.1800000000000006
1995-01-01,150.5,65.4526,4851.2,68.475,71.2734,5.6,0.0,116505,1407,7.76,5.71,68.475,2.05
1995-02-01,150.9,65.82378,4850.8,68.587,71.193,5.4,-0.2,116694,1316,7.37,5.77,68.587,1.6000000000000005
1995-03-01,151.2,66.15371999999999,4885.4,68.755,71.3113,5.4,0.5,116908,1249,7.05,5.73,68.755,1.3199999999999994
1995-04-01,151.8,66.27745999999999,4890.2,68.915,71.1882,5.8,-0.2,117066,1267,6.86,5.65,68.915,1.21
1995-05-01,152.1,66.3187,4933.1,69.032,71.5378,5.6,0.7,117046,1314,6.41,5.67,69.032,0.7400000000000002
1995-06-01,152.4,66.35994000000001,4977.5,69.092,71.7749,5.6,0.8,117291,1281,5.93,5.47,69.092,0.45999999999999996
1995-07-01,152.6,66.44243,4970.2,69.201,71.4748,5.7,-0.3,117382,1461,6.01,5.42,69.201,0.5899999999999999
1995-08-01,152.9,66.64864,5005.3,69.367,72.4223,5.7,0.5,117646,1416,6.24,5.4,69.367,0.8399999999999999
1995-09-01,153.1,66.85486,5020.5,69.458,72.7144,5.6,0.2,117873,1369,6.0,5.28,69.458,0.7199999999999998
1995-10-01,153.5,67.14355,5013.9,69.627,72.5866,5.5,-0.4,118026,1369,5.86,5.28,69.627,0.5800000000000001
1995-11-01,153.7,67.22604,5055.6,69.672,72.7779,5.6,0.8,118165,1452,5.69,5.36,69.672,0.33000000000000007
1995-12-01,153.9,67.10231,5097.5,69.77,73.0305,5.6,0.6,118325,1431,5.51,5.14,69.77,0.3700000000000001
1996-01-01,154.7,67.39101,5085.7,69.849,72.6125,5.6,-0.4,118317,1467,5.36,5.0,69.849,0.3600000000000003
1996-02-01,155.0,67.72095,5132.8,69.94,73.6752,5.5,0.8,118738,1491,5.38,4.83,69.94,0.5499999999999998
1996-03-01,155.5,68.00966,5173.3,70.102,73.585,5.5,0.5,118992,1424,5.97,4.96,70.102,1.0099999999999998
1996-04-01,156.1,68.0509,5208.0,70.197,74.3172,5.6,0.4,119158,1516,6.3,4.95,70.197,1.3499999999999996
1996-05-01,156.4,68.09215,5223.8,70.319,74.8726,5.6,0.1,119497,1504,6.48,5.02,70.319,1.4600000000000009
1996-06-01,156.7,68.13338,5229.8,70.373,75.4433,5.3,0.1,119770,1467,6.69,5.09,70.373,1.6000000000000005
1996-07-01,157.0,68.25712,5251.9,70.505,75.4549,5.5,0.2,120019,1472,6.64,5.15,70.505,1.4899999999999993
1996-08-01,157.2,68.38084,5275.0,70.566,75.8411,5.1,0.3,120198,1557,6.39,5.05,70.566,1.3399999999999999
1996-09-01,157.7,68.6283,5296.6,70.78,76.3158,5.2,0.1,120400,1475,6.6,5.09,70.78,1.5099999999999998
1996-10-01,158.2,68.87576,5328.5,70.948,76.3384,5.2,0.3,120665,1392,6.27,4.99,70.948,1.2799999999999994
1996-11-01,158.7,68.95824,5351.2,71.041,77.0397,5.4,0.3,120947,1489,5.97,5.03,71.041,0.9399999999999995
1996-12-01,159.1,68.87576,5378.6,71.068,77.5333,5.4,0.4,121143,1370,6.07,4.91,71.068,1.1600000000000001
1997-01-01,159.4,69.08198,5411.1,71.144,77.6562,5.3,0.5,121356,1355,6.33,5.03,71.144,1.2999999999999998
1997-02-01,159.7,69.41192,5434.0,71.29,78.5833,5.2,0.2,121673,1486,6.2,5.01,71.29,1.1900000000000004
1997-03-01,159.8,69.70062,5454.2,71.46,79.082,5.2,0.3,121991,1457,6.54,5.14,71.46,1.4000000000000004
1997-04-01,159.9,69.86559,5459.3,71.6,79.1747,5.1,0.0,122289,1492,6.76,5.16,71.6,1.5999999999999996
1997-05-01,159.9,69.82435,5460.2,71.652,79.6133,4.9,0.1,122560,1442,6.57,5.05,71.652,1.5200000000000005
1997-06-01,160.2,69.7831,5494.2,71.758,79.9792,5.0,0.5,122816,1494,6.38,4.93,71.758,1.4500000000000002
1997-07-01,160.4,69.90684,5548.8,71.807,80.6624,4.9,0.9,123114,1437,6.12,5.05,71.807,1.0700000000000003
1997-08-01,160.8,69.94808,5587.0,71.778,81.4694,4.8,0.6,123087,1390,6.16,5.14,71.778,1.0200000000000005
1997-09-01,161.2,70.11305,5601.7,71.927,82.2156,4.9,0.0,123575,1546,6.11,4.95,71.927,1.1600000000000001
1997-10-01,161.5,70.44299000000001,5637.7,72.036,82.9446,4.7,0.5,123924,1520,5.93,4.97,72.036,0.96
1997-11-01,161.7,70.44299000000001,5661.1,72.058,83.5978,4.6,0.4,124225,1510,5.8,5.14,72.058,0.6600000000000001
1997-12-01,161.8,70.40175,5692.1,72.1,83.9538,4.7,0.6,124549,1566,5.77,5.16,72.1,0.6099999999999994
1998-01-01,162.0,70.60795999999999,5689.9,72.21,84.3218,4.6,-0.1,124806,1525,5.42,5.04,72.21,0.3799999999999999
1998-02-01,162.0,70.97916,5723.8,72.272,84.4583,4.6,0.7,125017,1584,5.49,5.09,72.272,0.40000000000000036
1998-03-01,162.0,71.18536999999999,5750.3,72.349,84.488,4.7,0.5,125165,1567,5.61,5.03,72.349,0.5800000000000001
1998-04-01,162.2,71.35034,5788.1,72.482,84.7779,4.3,0.5,125445,1540,5.61,4.95,72.482,0.6600000000000001
1998-05-01,162.6,71.39159000000001,5837.9,72.552,85.3367,4.4,0.7,125845,1536,5.63,5.0,72.552,0.6299999999999999
1998-06-01,162.8,71.35034,5871.7,72.461,84.8248,4.5,0.7,126076,1641,5.52,4.98,72.461,0.5399999999999991
1998-07-01,163.2,71.47407,5890.0,72.665,84.4986,4.5,0.1,126212,1698,5.46,4.96,72.665,0.5
1998-08-01,163.4,71.68028000000001,5925.0,72.807,86.248,4.5,0.5,126546,1614,5.27,4.9,72.807,0.3699999999999992
1998-09-01,163.5,71.84525,5965.6,72.795,86.2021,4.6,0.8,126744,1582,4.62,4.61,72.795,0.009999999999999787
1998-10-01,163.9,72.05147,5998.8,72.937,86.7914,4.5,0.4,126949,1715,4.18,3.96,72.937,0.21999999999999975
1998-11-01,164.1,72.09270999999998,6015.4,72.95,86.7256,4.4,0.3,127222,1660,4.54,4.41,72.95,0.1299999999999999
1998-12-01,164.4,72.09270999999998,6070.5,73.076,87.1185,4.4,0.8,127595,1792,4.45,4.39,73.076,0.0600000000000005
1999-01-01,164.7,72.29893,6073.9,73.18,87.4949,4.3,-0.2,127699,1748,4.6,4.34,73.18,0.2599999999999998
1999-02-01,164.7,72.46389999999998,6099.2,73.155,88.027,4.4,0.5,128117,1670,4.91,4.44,73.155,0.46999999999999975
1999-03-01,164.8,72.67010999999998,6133.0,73.177,88.2267,4.2,0.4,128234,1710,5.14,4.44,73.177,0.6999999999999993
1999-04-01,165.9,72.91757,6199.5,73.365,88.4295,4.3,0.6,128595,1553,5.08,4.29,73.365,0.79
1999-05-01,166.0,72.83509000000002,6232.1,73.435,88.9886,4.2,0.4,128813,1611,5.44,4.5,73.435,0.9400000000000004
1999-06-01,166.0,72.83509000000002,6260.3,73.474,88.9188,4.3,0.4,129084,1559,5.81,4.57,73.474,1.2399999999999993
1999-07-01,166.7,72.95882,6287.6,73.606,89.4333,4.3,0.2,129422,1669,5.68,4.55,73.606,1.13
1999-08-01,167.1,73.0413,6331.9,73.642,89.7924,4.2,0.5,129572,1648,5.84,4.72,73.642,1.12
1999-09-01,167.8,73.28875999999998,6386.5,73.837,89.4299,4.2,0.5,129771,1635,5.8,4.68,73.837,1.12
1999-10-01,168.1,73.53622,6411.4,73.963,90.523,4.1,0.2,130178,1608,6.03,4.86,73.963,1.17
1999-11-01,168.4,73.57746,6448.7,74.034,90.9618,4.1,0.5,130466,1648,5.97,5.07,74.034,0.8999999999999995
1999-12-01,168.8,73.49496999999998,6541.0,74.128,91.6634,4.0,1.3,130783,1708,6.19,5.2,74.128,0.9900000000000002
2000-01-01,169.3,73.74243,6542.9,74.306,91.538,4.0,-0.3,131011,1636,6.58,5.32,74.306,1.2599999999999998
2000-02-01,170.0,74.03114000000002,6625.3,74.415,91.8239,4.1,1.0,131120,1737,6.68,5.55,74.415,1.13
2000-03-01,171.0,74.44356999999998,6686.5,74.568,92.1504,4.0,0.6,131604,1604,6.5,5.69,74.568,0.8099999999999996
2000-04-01,170.9,74.60854,6679.1,74.617,92.6989,3.8,-0.1,131884,1626,6.26,5.66,74.617,0.5999999999999996
2000-05-01,171.2,74.60854,6709.7,74.697,92.9499,4.0,0.5,132105,1575,6.69,5.79,74.697,0.9000000000000004
2000-06-01,172.2,74.64978,6746.9,74.754,92.9862,4.0,0.2,132063,1559,6.3,5.69,74.754,0.6099999999999994
2000-07-01,172.7,74.77351,6768.5,74.925,92.8048,4.0,0.1,132228,1463,6.18,5.96,74.925,0.21999999999999975
2000-08-01,172.7,74.93848,6802.8,75.021,92.5521,4.1,0.5,132234,1541,6.06,6.09,75.021,-0.03000000000000025
2000-09-01,173.6,75.18594,6888.6,75.203,92.9792,3.9,0.8,132337,1507,5.93,6.0,75.203,-0.07000000000000028
2000-10-01,173.9,75.39215,6893.8,75.308,92.6179,3.9,0.0,132352,1549,5.78,6.11,75.308,-0.33000000000000007
2000-11-01,174.2,75.47464000000002,6909.8,75.441,92.6438,3.9,0.1,132556,1551,5.7,6.17,75.441,-0.46999999999999975
2000-12-01,174.6,75.39215,6952.2,75.515,92.3415,3.9,0.5,132716,1532,5.17,5.77,75.515,-0.5999999999999996
2001-01-01,175.6,75.68085,6987.4,75.796,91.902,4.2,0.0,132703,1600,4.86,5.15,75.796,-0.29000000000000004
2001-02-01,176.0,76.05204,7001.8,75.93,91.3034,4.2,0.1,132788,1625,4.89,4.88,75.93,0.009999999999999787
2001-03-01,176.1,76.42323,6996.7,76.009,91.1162,4.3,-0.1,132751,1590,4.64,4.42,76.009,0.21999999999999975
2001-04-01,176.4,76.54694999999998,7004.2,76.13,90.7891,4.4,0.0,132458,1649,4.76,3.87,76.13,0.8899999999999997
2001-05-01,177.3,76.50570999999998,7052.8,76.148,90.3555,4.3,0.4,132408,1605,4.93,3.62,76.148,1.3099999999999996
2001-06-01,177.7,76.67068,7069.7,76.318,89.8784,4.5,0.0,132300,1636,4.81,3.49,76.318,1.3199999999999994
2001-07-01,177.4,76.79441,7082.3,76.515,89.3028,4.6,0.2,132172,1670,4.76,3.51,76.515,1.25
2001-08-01,177.4,76.95938000000001,7121.7,76.553,89.2003,4.9,0.5,132021,1567,4.57,3.36,76.553,1.2100000000000004
2001-09-01,178.1,77.1656,7007.0,76.118,88.7485,5.0,-1.0,131763,1562,4.12,2.64,76.118,1.48
2001-10-01,177.6,77.37180999999998,7212.9,76.654,88.5052,5.3,2.4,131452,1540,3.91,2.16,76.654,1.75
2001-11-01,177.5,77.57803,7182.3,76.81,87.97,5.5,-0.5,131144,1602,3.97,1.87,76.81,2.1
2001-12-01,177.4,77.4543,7166.7,76.828,87.9324,5.7,-0.2,130983,1568,4.39,1.69,76.828,2.6999999999999997
2002-01-01,177.7,77.61927,7184.6,76.871,88.5176,5.7,0.3,130859,1698,4.34,1.65,76.871,2.69
2002-02-01,178.0,78.0317,7225.2,77.018,88.5278,5.7,0.4,130737,1829,4.3,1.72,77.018,2.58
2002-03-01,178.5,78.27916,7243.4,77.11,89.1686,5.7,0.0,130722,1642,4.74,1.79,77.11,2.95
2002-04-01,179.3,78.48537,7312.5,77.325,89.604,5.9,0.5,130616,1592,4.65,1.71,77.325,2.9400000000000004
2002-05-01,179.5,78.44413,7288.9,77.411,89.964,5.8,-0.4,130632,1764,4.49,1.73,77.411,2.7600000000000002
2002-06-01,179.6,78.40289,7322.5,77.534,90.7061,5.8,0.5,130674,1717,4.19,1.7,77.534,2.49
2002-07-01,180.0,78.48537,7387.3,77.692,90.6769,5.8,0.6,130584,1655,3.81,1.68,77.692,2.13
2002-08-01,180.5,78.77408,7412.6,77.845,90.5762,5.7,0.1,130581,1633,3.29,1.62,77.845,1.67
2002-09-01,180.8,78.8978,7391.5,77.972,90.6531,5.7,-0.5,130502,1804,2.94,1.63,77.972,1.31
2002-10-01,181.2,79.10401999999996,7435.2,78.038,90.4643,5.7,0.4,130617,1648,2.95,1.58,78.038,1.37
2002-11-01,181.5,79.10401999999996,7463.8,78.114,90.9711,5.9,0.3,130616,1753,3.05,1.23,78.114,1.8199999999999998
2002-12-01,181.8,78.93904999999998,7519.9,78.187,90.4652,6.0,0.6,130465,1788,3.03,1.19,78.187,1.8399999999999999
2003-01-01,182.6,79.10401999999996,7541.3,78.24,91.2361,5.8,0.1,130573,1853,3.05,1.17,78.24,1.88
2003-02-01,183.6,79.39271999999998,7548.6,78.348,91.3445,5.9,-0.5,130441,1629,2.9,1.17,78.348,1.73
2003-03-01,183.9,79.59893000000001,7611.5,78.474,91.1044,5.9,0.5,130235,1726,2.78,1.13,78.474,1.65
2003-04-01,183.2,79.64017,7634.5,78.561,90.5617,6.0,0.6,130173,1643,2.93,1.13,78.561,1.8000000000000003
2003-05-01,182.9,79.68142,7650.3,78.674,90.537,6.1,0.2,130197,1751,2.52,1.07,78.674,1.45
2003-06-01,183.1,79.59893000000001,7699.6,78.718,90.6527,6.3,0.6,130186,1867,2.27,0.92,78.718,1.35
2003-07-01,183.7,79.68142,7757.0,78.915,91.1185,6.2,0.5,130184,1897,2.87,0.9,78.915,1.9700000000000002
2003-08-01,184.5,79.80515,7852.1,79.004,90.9197,6.1,0.9,130153,1833,3.37,0.95,79.004,2.42
2003-09-01,185.1,79.84639,7853.7,79.114,91.5059,6.1,-0.3,130252,1939,3.18,0.94,79.114,2.24
2003-10-01,184.9,80.13509,7867.4,79.26,91.6186,6.0,0.2,130439,1967,3.19,0.92,79.26,2.27
2003-11-01,185.0,79.97011999999998,7922.6,79.368,92.2329,5.8,0.7,130480,2083,3.29,0.93,79.368,2.36
2003-12-01,185.5,79.84639,7950.4,79.467,92.2602,5.7,0.1,130589,2057,3.27,0.9,79.467,2.37
2004-01-01,186.3,80.01135999999998,8007.1,79.671,92.4006,5.7,0.4,130756,1911,3.12,0.88,79.671,2.24
2004-02-01,186.7,80.38254999999998,8040.4,79.8,92.958,5.6,0.2,130821,1846,3.07,0.93,79.8,2.1399999999999997
2004-03-01,187.1,80.87746,8098.8,79.934,92.5861,5.8,0.4,131140,1998,2.79,0.94,79.934,1.85
2004-04-01,187.4,81.04243000000001,8107.2,80.142,92.93,5.6,0.1,131412,2003,3.39,0.94,80.142,2.45
2004-05-01,188.2,81.04243000000001,8176.5,80.252,93.6013,5.6,0.5,131697,1981,3.85,1.02,80.252,2.83
2004-06-01,188.9,81.08368,8157.6,80.379,92.871,5.6,-0.4,131794,1828,3.93,1.27,80.379,2.66
2004-07-01,189.1,81.08368,8236.9,80.474,93.5649,5.5,0.7,131854,2002,3.69,1.33,80.474,2.36
2004-08-01,189.2,81.16616999999998,8271.6,80.505,93.6277,5.4,0.2,131939,2024,3.47,1.48,80.505,1.9900000000000002
2004-09-01,189.8,81.41363,8341.5,80.656,93.7467,5.4,0.8,132089,1905,3.36,1.65,80.656,1.71
2004-10-01,190.8,81.74356999999996,8397.1,80.831,94.5465,5.5,0.2,132429,2072,3.35,1.76,80.831,1.59
2004-11-01,191.7,81.70232,8444.5,81.005,94.7813,5.4,0.1,132503,1782,3.53,2.07,81.005,1.46
2004-12-01,191.7,81.57859999999998,8504.4,81.109,95.5365,5.4,0.6,132630,2042,3.6,2.19,81.109,1.4100000000000001
2005-01-01,191.6,81.82606,8497.7,81.401,95.8801,5.3,0.0,132781,2144,3.71,2.33,81.401,1.38
2005-02-01,192.4,82.27972,8559.1,81.536,96.5761,5.4,0.3,133034,2207,3.77,2.54,81.536,1.23
2005-03-01,193.1,82.77464,8598.4,81.737,96.4456,5.2,0.2,133154,1864,4.17,2.74,81.737,1.4299999999999997
2005-04-01,193.7,82.85713,8678.4,81.831,96.6532,5.2,0.8,133520,2061,4.0,2.78,81.831,1.2200000000000002
2005-05-01,193.6,82.81588999999998,8671.6,81.999,96.7402,5.1,-0.5,133689,2025,3.85,2.84,81.999,1.0100000000000002
2005-06-01,193.7,82.7334,8753.4,82.056,97.1753,5.0,1.0,133948,2068,3.77,2.97,82.056,0.7999999999999998
2005-07-01,194.9,82.81588999999998,8853.8,82.176,96.8676,5.0,0.6,134300,2054,3.98,3.22,82.176,0.7599999999999998
2005-08-01,196.1,82.89837,8850.1,82.243,97.1833,4.9,-0.4,134502,2095,4.12,3.44,82.243,0.6800000000000002
2005-09-01,198.8,83.02209999999998,8900.4,82.425,95.3005,5.0,-0.4,134552,2151,4.01,3.42,82.425,0.5899999999999999
2005-10-01,199.1,83.43453000000001,8938.5,82.662,96.4572,5.0,0.3,134641,2065,4.33,3.71,82.662,0.6200000000000001
2005-11-01,198.1,83.43453000000001,8946.2,82.873,97.5414,5.0,0.5,134997,2147,4.45,3.88,82.873,0.5700000000000003
2005-12-01,198.1,83.35204,8981.1,82.959,98.0452,4.9,0.4,135159,1994,4.39,3.89,82.959,0.49999999999999956
2006-01-01,199.3,83.55826,9071.6,83.145,98.1999,4.7,0.4,135427,2273,4.35,4.24,83.145,0.10999999999999943
2006-02-01,199.4,83.97069,9096.0,83.279,98.2413,4.8,0.3,135733,2119,4.57,4.43,83.279,0.14000000000000057
2006-03-01,199.7,84.50685,9132.9,83.509,98.4628,4.7,0.2,136038,1969,4.72,4.51,83.509,0.20999999999999996
2006-04-01,200.7,84.7543,9191.6,83.764,98.7618,4.7,0.2,136210,1821,4.9,4.6,83.764,0.3000000000000007
2006-05-01,201.3,84.83679000000002,9231.8,83.974,98.7869,4.6,0.1,136249,1942,5.0,4.72,83.974,0.28000000000000025
2006-06-01,201.8,84.91928,9259.6,84.186,99.0997,4.6,0.1,136337,1802,5.07,4.79,84.186,0.28000000000000025
2006-07-01,202.9,85.04300999999998,9343.8,84.268,99.0489,4.7,0.5,136529,1737,5.04,4.95,84.268,0.08999999999999986
2006-08-01,203.8,85.24921999999998,9342.2,84.44,99.4836,4.7,-0.2,136692,1650,4.82,4.96,84.44,-0.13999999999999968
2006-09-01,202.8,85.45543999999998,9375.4,84.573,99.3183,4.5,0.5,136826,1720,4.67,4.81,84.573,-0.13999999999999968
2006-10-01,201.9,85.7029,9393.6,84.726,99.2044,4.4,0.5,136843,1491,4.69,4.92,84.726,-0.22999999999999954
2006-11-01,202.0,85.62040999999996,9400.2,84.766,99.1627,4.5,0.2,137060,1570,4.58,4.94,84.766,-0.3600000000000003
2006-12-01,203.1,85.49668,9488.3,84.88,100.1735,4.4,0.5,137249,1649,4.53,4.85,84.88,-0.3199999999999994
2007-01-01,203.437,85.78909,9538.7,85.224,99.8346,4.6,0.1,137472,1409,4.75,4.98,85.224,-0.23000000000000043
2007-02-01,204.226,86.244,9566.0,85.408,100.7753,4.5,0.1,137560,1480,4.71,5.03,85.408,-0.3200000000000003
2007-03-01,205.288,86.57848,9611.7,85.494,100.9547,4.4,0.1,137784,1495,4.48,4.94,85.494,-0.45999999999999996
2007-04-01,205.904,86.7385,9643.6,85.616,101.6334,4.5,0.2,137847,1490,4.59,4.87,85.616,-0.28000000000000025
2007-05-01,206.755,86.74056999999999,9685.8,85.717,101.7306,4.4,0.1,137992,1415,4.67,4.73,85.717,-0.0600000000000005
2007-06-01,207.234,86.80573000000001,9706.8,85.859,101.7893,4.6,-0.1,138070,1448,5.03,4.61,85.859,0.41999999999999993
2007-07-01,207.603,86.92203999999998,9751.1,85.988,101.6672,4.7,0.2,138044,1354,4.88,4.82,85.988,0.05999999999999961
2007-08-01,207.667,87.06845,9798.9,86.116,101.863,4.6,0.3,138013,1330,4.43,4.2,86.116,0.22999999999999954
2007-09-01,208.547,87.28168000000002,9845.1,86.351,102.0894,4.7,0.0,138099,1183,4.2,3.89,86.351,0.31000000000000005
2007-10-01,209.19,87.56624999999998,9882.7,86.576,101.8015,4.7,-0.1,138175,1264,4.2,3.9,86.576,0.30000000000000027
2007-11-01,210.834,87.6145,9955.9,86.746,102.3446,4.7,0.3,138290,1197,3.67,3.27,86.746,0.3999999999999999
2007-12-01,211.445,87.58191999999998,9972.8,86.92,102.3803,5.0,-0.1,138395,1037,3.49,3.0,86.92,0.4900000000000002
2008-01-01,212.174,87.90444000000002,9996.4,87.093,102.2448,5.0,-0.1,138391,1084,2.98,2.75,87.093,0.22999999999999998
2008-02-01,212.687,88.20469,9981.7,87.178,101.8438,4.9,-0.3,138329,1103,2.78,2.12,87.178,0.6599999999999997
2008-03-01,213.448,88.61712,10035.3,87.349,101.5336,5.1,0.2,138259,1005,2.48,1.26,87.349,1.22
2008-04-01,213.942,88.69672,10070.3,87.4,100.8785,5.0,0.2,138040,1013,2.84,1.29,87.4,1.5499999999999998
2008-05-01,215.208,88.74663000000001,10132.3,87.559,100.2674,5.4,0.0,137851,973,3.15,1.73,87.559,1.42
2008-06-01,217.463,88.90045999999998,10187.1,87.76,100.0335,5.6,-0.1,137700,1046,3.49,1.86,87.76,1.6300000000000001
2008-07-01,219.016,89.10338,10185.1,87.918,99.676,5.8,-0.4,137497,923,3.3,1.63,87.918,1.67
2008-08-01,218.69,89.28114000000002,10175.7,88.026,98.1111,6.1,0.0,137211,844,3.14,1.72,88.026,1.4200000000000002
2008-09-01,218.877,89.44033,10116.4,88.116,93.7895,6.1,-0.7,136760,820,2.88,1.13,88.116,1.75
2008-10-01,216.995,89.50674000000002,10034.1,87.991,94.7219,6.5,-0.4,136291,777,2.73,0.67,87.991,2.06
2008-11-01,213.153,89.36938999999998,9885.2,87.952,93.4715,6.8,-0.2,135541,652,2.29,0.19,87.952,2.1
2008-12-01,211.398,89.12605999999998,9801.5,87.909,90.8357,7.3,-0.5,134847,560,1.52,0.03,87.909,1.49
2009-01-01,211.933,89.38136,9847.2,87.882,88.57,7.8,0.4,134079,490,1.6,0.13,87.882,1.4700000000000002
2009-02-01,212.705,89.77975999999998,9824.5,87.952,88.031,8.3,-0.4,133318,582,1.87,0.3,87.952,1.57
2009-03-01,212.495,90.17322,9773.2,88.015,86.6528,8.7,-0.2,132494,505,1.82,0.21,88.015,1.61
2009-04-01,212.709,90.38108,9772.5,88.211,85.9344,9.0,-0.2,131822,478,1.86,0.16,88.211,1.7000000000000002
2009-05-01,213.022,90.3749,9791.6,88.279,85.0665,9.4,0.0,131466,540,2.13,0.18,88.279,1.95
2009-06-01,214.79,90.43883,9852.4,88.392,84.7459,9.5,-0.1,131008,585,2.71,0.18,88.392,2.53
2009-07-01,214.726,90.46645,9886.3,88.468,85.7027,9.5,0.3,130662,594,2.46,0.18,88.468,2.28
2009-08-01,215.445,90.56792,10004.1,88.599,86.6426,9.6,1.0,130472,586,2.57,0.17,88.599,2.4
2009-09-01,215.861,90.79104,9927.8,88.755,87.4063,9.8,-1.0,130246,585,2.37,0.12,88.755,2.25
2009-10-01,216.509,91.03603,9976.7,89.082,87.6419,10.0,0.2,130061,534,2.33,0.07,89.082,2.2600000000000002
2009-11-01,217.234,90.89291,9985.7,89.16,88.0221,9.9,0.0,130057,588,2.23,0.05,89.16,2.18
2009-12-01,217.347,90.74485,10052.6,89.236,88.3793,9.9,0.5,129808,581,2.34,0.05,89.236,2.29
2010-01-01,217.488,90.77,10056.1,89.368,89.3426,9.8,-0.2,129802,614,2.48,0.06,89.368,2.42
2010-02-01,217.281,90.98282,10093.4,89.446,89.6779,9.8,0.3,129706,604,2.36,0.11,89.446,2.25
2010-03-01,217.353,91.1713,10156.0,89.579,90.2928,9.9,0.5,129866,636,2.43,0.15,89.579,2.2800000000000002
2010-04-01,217.403,91.21543,10182.3,89.625,90.5991,9.9,0.1,130120,687,2.58,0.16,89.625,2.42
2010-05-01,217.29,91.22656,10210.8,89.724,91.823,9.6,0.3,130642,583,2.18,0.16,89.724,2.02
2010-06-01,217.199,91.25626,10231.3,89.767,91.9928,9.4,0.2,130510,536,2.0,0.12,89.767,1.88
2010-07-01,217.605,91.25337,10268.1,89.769,92.3421,9.4,0.1,130415,546,1.76,0.16,89.769,1.6
2010-08-01,217.923,91.37421,10307.1,89.855,92.6805,9.5,0.5,130415,599,1.47,0.16,89.855,1.31
2010-09-01,218.275,91.52104000000001,10327.1,89.906,92.9537,9.5,0.1,130341,594,1.41,0.15,89.906,1.26
2010-10-01,219.035,91.59198,10386.4,90.043,92.6903,9.4,0.5,130620,543,1.18,0.13,90.043,1.0499999999999998
2010-11-01,219.59,91.59116,10433.6,90.16,92.7709,9.8,0.4,130749,545,1.35,0.14,90.16,1.21
2010-12-01,220.472,91.47485,10471.0,90.179,93.6787,9.3,0.1,130830,539,1.93,0.14,90.179,1.79
2011-01-01,221.187,91.63239,10514.3,90.372,93.4814,9.1,0.1,130837,630,1.99,0.15,90.372,1.84
2011-02-01,221.898,91.97636,10540.6,90.53,93.1102,9.0,0.1,131057,517,2.26,0.13,90.53,2.13
2011-03-01,223.046,92.25640000000001,10619.7,90.667,94.0788,9.0,0.3,131283,600,2.11,0.1,90.667,2.01
2011-04-01,224.093,92.43292,10652.1,90.875,93.7749,9.1,0.0,131597,554,2.17,0.06,90.875,2.11
2011-05-01,224.806,92.60449,10672.2,91.091,93.888,9.0,-0.1,131703,561,1.84,0.04,91.091,1.8
2011-06-01,224.806,92.75173,10694.8,91.191,94.172,9.1,0.2,131931,608,1.58,0.04,91.191,1.54
2011-07-01,225.395,92.86433,10731.6,91.326,94.636,9.0,0.3,131992,623,1.54,0.04,91.326,1.5
2011-08-01,226.106,93.15715,10750.3,91.508,95.2749,9.0,-0.1,132125,585,1.02,0.02,91.508,1.0
2011-09-01,226.597,93.32831,10783.2,91.57,95.1961,9.0,0.3,132344,650,0.9,0.01,91.57,0.89
2011-10-01,226.75,93.51555,10802.9,91.614,95.8568,8.8,0.3,132553,610,1.06,0.02,91.614,1.04
2011-11-01,227.169,93.56339,10806.8,91.808,95.8485,8.6,-0.1,132690,711,0.91,0.01,91.808,0.9
2011-12-01,227.223,93.51431,10817.8,91.96,96.3571,8.5,0.0,132888,694,0.89,0.01,91.96,0.88
2012-01-01,227.842,93.71929,10896.8,92.235,96.9318,8.3,0.4,133246,723,0.84,0.03,92.235,0.8099999999999999
2012-02-01,228.329,93.97829,10987.2,92.364,97.2435,8.3,0.4,133509,704,0.83,0.09,92.364,0.74
2012-03-01,228.807,94.33711,10993.9,92.521,96.74,8.2,-0.1,133748,695,1.02,0.08,92.521,0.9400000000000001
2012-04-01,229.187,94.57137,11018.5,92.661,97.4359,8.2,0.1,133825,753,0.89,0.08,92.661,0.81
2012-05-01,228.713,94.69469,11006.8,92.755,97.6609,8.2,0.0,133932,708,0.76,0.09,92.755,0.67
2012-06-01,228.524,94.80893,10989.8,92.85,97.6663,8.2,-0.1,134013,757,0.71,0.09,92.85,0.62
2012-07-01,228.59,94.8147,11016.8,92.946,97.8713,8.2,0.3,134157,740,0.62,0.1,92.946,0.52
2012-08-01,229.918,94.93967,11056.0,93.005,97.4525,8.1,-0.2,134339,754,0.71,0.1,93.005,0.61
2012-09-01,231.015,95.18053,11105.3,93.119,97.381,7.8,0.4,134517,847,0.67,0.11,93.119,0.56
2012-10-01,231.638,95.38509,11137.4,93.345,97.7193,7.8,-0.2,134669,915,0.71,0.1,93.345,0.61
2012-11-01,231.249,95.37973,11178.4,93.445,98.0777,7.7,0.3,134825,833,0.67,0.09,93.445,0.5800000000000001
2012-12-01,231.221,95.28487,11181.2,93.514,98.3101,7.9,0.2,135074,976,0.7,0.07,93.514,0.6299999999999999
2013-01-01,231.679,95.52367,11252.4,93.703,98.3342,8.0,0.3,135257,888,0.81,0.07,93.703,0.74
2013-02-01,232.937,95.86186,11290.5,93.805,98.7941,7.7,0.1,135546,962,0.85,0.1,93.805,0.75
2013-03-01,232.282,96.11757,11290.1,93.891,99.1921,7.5,0.1,135689,1010,0.82,0.09,93.891,0.73
2013-04-01,231.797,96.19346,11281.1,93.937,99.1065,7.6,0.0,135873,835,0.71,0.06,93.937,0.6499999999999999
2013-05-01,231.893,96.28667,11321.6,94.047,99.1839,7.5,0.2,136096,930,0.84,0.04,94.047,0.7999999999999999
2013-06-01,232.445,96.36008,11344.4,94.209,99.3897,7.5,0.2,136279,839,1.2,0.05,94.209,1.15
2013-07-01,232.9,96.42277,11372.6,94.329,99.0814,7.3,0.1,136391,880,1.4,0.04,94.329,1.3599999999999999
2013-08-01,233.456,96.61496,11406.6,94.431,99.6543,7.2,0.0,136646,917,1.52,0.04,94.431,1.48
2013-09-01,233.544,96.83107,11445.9,94.543,100.161,7.2,0.5,136821,850,1.6,0.02,94.543,1.58
2013-10-01,233.669,96.98779,11498.0,94.703,100.082,7.2,0.2,137041,925,1.37,0.05,94.703,1.32
2013-11-01,234.1,97.0212,11562.5,94.86,100.3158,6.9,0.5,137317,1100,1.37,0.07,94.86,1.3
2013-12-01,234.719,96.92098,11593.2,94.961,100.5175,6.7,0.1,137372,1002,1.58,0.07,94.961,1.51
2014-01-01,235.288,97.06733,11578.8,95.064,100.1599,6.6,-0.5,137561,888,1.65,0.04,95.064,1.6099999999999999
2014-02-01,235.547,97.35906000000001,11636.9,95.109,100.9168,6.7,0.7,137712,944,1.52,0.05,95.109,1.47
2014-03-01,236.028,97.69926,11722.3,95.25,101.8942,6.7,0.4,137985,970,1.64,0.05,95.25,1.5899999999999999
2014-04-01,236.468,97.9464,11762.3,95.413,101.9928,6.2,0.2,138298,1043,1.7,0.03,95.413,1.67
2014-05-01,236.918,98.15769,11807.3,95.574,102.3836,6.3,0.1,138513,1007,1.59,0.03,95.574,1.56
2014-06-01,237.231,98.2207,11861.7,95.682,102.735,6.1,0.4,138849,911,1.68,0.04,95.682,1.64
2014-07-01,237.498,98.23523,11904.4,95.848,102.9632,6.2,0.1,139072,1085,1.7,0.03,95.848,1.67
2014-08-01,237.46,98.31083,11983.7,95.885,102.7688,6.1,0.6,139269,984,1.63,0.03,95.885,1.5999999999999999
2014-09-01,237.477,98.54053,11991.4,96.013,103.0641,5.9,0.1,139563,1023,1.77,0.02,96.013,1.75
2014-10-01,237.43,98.77508,12064.7,96.096,103.0764,5.7,0.4,139798,1074,1.55,0.02,96.096,1.53
2014-11-01,236.983,98.73631,12083.9,96.181,103.7126,5.8,0.4,140089,1001,1.62,0.02,96.181,1.6
2014-12-01,236.252,98.57252,12096.1,96.249,103.7044,5.6,0.2,140364,1073,1.64,0.03,96.249,1.6099999999999999
