DATE,CPI,CoreCPI,PCE,CorePCE,IP,UNEM,WORK,HS,INC,SPREAD
1984-01-01,,,,,-0.3020463160936089,0.2377342693920399,-657.8395527627727,82.71636333234096,0.6,2.469999999999999
1984-02-01,5.862249079259385,3.5139425051738726,-7.912280630078783,7.539770306265936,-0.14805519051554938,0.0700680287412121,-401.5148620465043,449.1707160382723,-1.3,2.4499999999999997
1984-03-01,3.5036521240016327,4.6692131783792945,13.948162248662754,4.546608116433148,0.0337569105011255,0.10238527876612569,-357.14448802791594,-144.38067544769387,0.8,2.5
1984-04-01,4.655679942706925,5.811012905166635,12.714115376104829,5.634049334986635,0.27162124400545906,0.034664644307193626,-221.65486442818656,47.025252271708496,0.7,2.68
1984-05-01,2.3210838957968605,4.628970297432211,8.272538844743593,2.7821013975914965,0.4850667228166188,-0.233122359883974,-142.947623267959,-26.638410970458835,0.6,3.34
1984-06-01,2.316603036069864,3.4596283258943927,10.188991013627557,2.8256194095204634,0.604803397167359,-0.4010066263227339,11.090996131053544,45.59815901634647,0.7,3.610000000000001
1984-07-01,4.619832462530127,4.59793314850554,-0.4809426540262507,5.158940021924785,0.6765076321013552,-0.06900285847167265,94.5846813654498,-62.29336368768281,-0.4,3.1500000000000004
1984-08-01,3.453239793138252,5.722336787893489,8.436561073852289,3.947657830100404,0.6537137924263448,-0.037097912110997555,111.65634982363554,-205.34447154117447,0.4,2.209999999999999
1984-09-01,3.443330913543008,7.965868393154807,10.273546697760949,1.8328555236095667,0.41290926325340394,-0.20527385115574504,198.42235051342868,-90.58233107472279,0.7,2.16
1984-10-01,4.575792007697288,5.657860363831269,-1.1845769061284983,2.6946581712820716,0.32753603290249345,-0.0735101632770494,258.99127852947277,-196.01984878617577,-0.3,2.3200000000000003
1984-11-01,2.28136950842881,2.255477332163913,18.86099148476248,2.540779833599416,0.43110741543915054,-0.2417720810174968,388.45794963653316,-94.66364073372256,1.4,2.7200000000000006
1984-12-01,2.2770405314300746,2.251518657613083,5.215374914883597,4.746442774233728,0.36821397937107747,-0.1100197320472196,290.8991940939304,-169.50671048605477,0.2,3.01
1985-01-01,2.2727279520847077,2.2473021208330834,16.703464985262073,6.706389324189921,0.2774163551910078,-0.07819645430850386,334.3648659144674,-68.53548774792375,0.9,3.17
1985-02-01,6.792470966052022,5.5995048181396,10.038844766456734,6.207854794013201,0.3451496029764556,-0.14623794548446245,244.88461777806515,-145.7246309247414,0.4,2.860000000000001
1985-03-01,5.631169413831216,5.573767072332458,3.4938485347172588,4.193393014224789,0.34392951778021796,-0.1140744729488885,364.46488258216414,23.955960986950004,-0.1,3.0
1985-04-01,2.245089522973487,3.331552979252095,4.973631837349046,1.4267722976599728,0.13874792593271223,0.01837385133730951,342.09508734807605,46.54650875664606,0.3,3.06
1985-05-01,2.240897009754761,4.428267204776404,16.535297756294298,4.12566377734187,0.13047276977011535,-0.04880516274837454,398.73934903591,-92.91443045455867,1.2,2.8599999999999994
1985-06-01,3.353518717218762,2.2077532302498426,-3.119315507417042,3.9675021864612248,0.013562356355933503,0.18447501870965688,329.3380280024285,-95.3915318820109,-0.5,2.6499999999999995
1985-07-01,2.230483913550785,2.203965810927677,11.677951961144473,3.499732809620326,-0.338834067855295,0.21830431887441648,302.80379437188094,-85.84301837005205,0.7,2.619999999999999
1985-08-01,2.2263457220951466,4.395559046756503,15.977411493958726,5.873820351492043,-0.2691681982392993,-0.047240149856271785,280.0264475721633,-25.220488351087624,1.0,2.670000000000001
1985-09-01,2.2222228572882585,6.563428509203817,18.432611640170293,2.4746201663038647,-0.18376820002826122,-0.012096435106728975,270.8747589898412,-90.46957893680246,1.4,2.710000000000001
1985-10-01,4.432138002422548,7.612147440845973,-16.820381691234232,1.9238195492995658,-0.45794354621834543,0.023800696064688154,245.19805373037525,69.46582418391972,-1.5,2.53
1985-11-01,5.517251098354947,5.407723359146566,6.643886048245662,2.939144614290612,-0.3729909481251923,-0.03948268337016092,241.82684615213657,-64.35188206815519,0.3,2.039999999999999
1985-12-01,5.492000432894528,1.0788355972147556,17.283187837456637,3.262541904856242,0.043924684570761485,-0.0018821532655337592,194.57462297084567,182.13487521217007,1.1,1.6300000000000008
1986-01-01,4.375574583624697,3.230178108355908,6.725329748652342,6.45162844365661,0.23436434433820352,-0.2633305516226798,104.23807737122115,214.98813781079116,0.1,1.6099999999999994
1986-02-01,-2.1857929540693988,3.221246386900667,-2.9323762223626204,3.0957470215202676,-0.2782140266795352,0.27623941426223997,5.60039041134587,94.25729925837982,-0.3,1.2800000000000002
1986-03-01,-6.581369330592324,4.282106411007547,1.4458345418255192,3.6483433220181993,-0.7988687616408185,0.31691332393691685,-121.5624956060783,125.97682335381705,0.3,0.9000000000000004
1986-04-01,-4.407718454233134,4.266622194180947,4.919777867333863,2.1697082832570658,-0.8517388732854343,0.25875757365638474,-149.47502729439293,187.1746282502029,0.6,0.9900000000000002
1986-05-01,3.307305722375631,2.1275069214583553,9.401562309843925,2.049451260881696,-0.9076078973558381,0.40181655180596554,-238.35320942696126,112.86988371012603,0.6,1.3699999999999992
1986-06-01,4.395609310484616,2.1239989490993594,1.762484580367385,3.601338682487132,-1.272500221061648,0.44611667749503336,-548.4026665669808,111.06876125810118,-0.2,1.4299999999999995
1986-07-01,1.096391122409912,4.236496280905477,8.149224235123498,2.1787844971804304,-1.062277203286314,0.29165646590575367,-448.81247097137384,51.769594232274585,0.7,1.2299999999999995
1986-08-01,1.0953903088317674,3.1676496577540902,7.22518532785017,2.4521908595021458,-1.3189118348423463,0.23840345189547119,-553.7336113785277,82.96300286237215,0.5,1.2699999999999996
1986-09-01,4.371589534201448,7.358741465715468,29.927961640596834,3.9453607414792202,-1.3378033372920157,0.3863049164002863,-429.2859089940466,-30.363987732589976,2.2,1.71
1986-10-01,2.1798371116773296,6.271846474077947,-15.811362251441707,4.070177995918556,-1.2671593410979654,0.43529158456103456,-465.55073130059463,-29.23011375323813,-1.5,1.6500000000000004
1986-11-01,2.1758845490172263,3.12367339708004,-1.8425950082693987,2.545458974460857,-1.2147945737133057,0.38526735478824126,-503.5796342593385,-79.65200278993962,-0.3,1.41
1986-12-01,4.339968564225671,1.0393361902817588,27.826746825063964,1.556717376543837,-0.8608357654146346,0.1361058969101716,-529.3918439195841,138.35574743594862,2.2,1.1399999999999997
1987-01-01,6.480663816000387,3.1128696225996677,-24.920829546960377,2.8791787591089246,-1.2362252857443252,0.18765412607767562,-588.9716155226197,87.78407059215169,-2.6,1.21
1987-02-01,4.301079873377844,3.10481554642994,26.761197981294416,2.4396044996667143,-0.6797457239832454,0.23974950564320618,-578.2664409873541,106.61429230837894,1.9,1.2000000000000002
1987-03-01,4.285718841117259,7.213398073913524,4.628434665648484,3.5479433763985213,-0.783393820434064,0.29221646742268526,-565.1829114259599,57.821642098327175,0.1,1.2000000000000002
1987-04-01,5.335713548561216,6.148658295537324,10.112252302848646,5.076207218355222,-0.6115191108352462,0.04486279396081372,-463.58746055881784,-44.62605429460541,0.5,1.9300000000000008
1987-05-01,3.190077199932162,2.0426539989262693,3.7849945954739894,3.364730890301537,-0.4396167285766097,0.09747597499205707,-469.30727329300134,-20.764986518832757,0.1,2.6
1987-06-01,5.29802185094006,1.0199009895439204,9.566802287680076,3.287858381997566,-0.3323393404430135,0.04984038477907671,-533.1373409619409,-44.62824519122114,0.4,2.35
1987-07-01,3.167621724927372,3.0547588451328878,8.522127426978443,3.09944210190487,-0.12870908427989036,0.0017336284195987872,-422.84006411622977,-53.24747891568518,0.5,2.3199999999999994
1987-08-01,5.260858930241952,6.0862873253764604,13.91711045180628,4.053112262654679,0.11817498118822556,-0.047070150126477195,-487.14081987997633,-12.651237112444733,0.8,2.28
1987-09-01,4.192144001471831,8.067164402732452,-1.649273907995763,4.7522163789203375,0.16012273536769328,-0.09679692729011258,-497.735621483851,88.13562853987264,-0.5,2.539999999999999
1987-10-01,3.1345250735100194,7.01461407153694,3.0666044480042842,5.110456369408034,0.7586358510689308,0.052330589258153815,-244.286652935014,-80.91085507922708,-0.1,2.95
1987-11-01,4.166670852898946,3.9899829756743443,3.7077768520681786,2.502838748887015,0.8658048814679731,-0.09990358614337147,-247.42153326688276,71.17921838000188,0.1,2.6599999999999997
1987-12-01,2.077922597133508,-0.9961922710983728,11.357570182530452,2.519709170087836,1.0219676966955973,-0.15371907322508704,-194.7509171620186,-173.61862592331408,0.8,2.68
1988-01-01,4.145081841704723,3.9800575398651006,14.878552481160767,5.661063227223906,0.8337020415435887,-0.10932855396835084,-337.868277252026,-291.3338058313259,0.9,2.37
1988-02-01,2.067183973736064,2.9764641250245916,2.8717516153065503,2.4587473385540903,0.9650146908248161,-0.06693403541888099,-110.3535617992602,-77.98368233716133,0.1,2.05
1988-03-01,3.0941143055333242,7.901172842674242,14.477412212013974,5.120824767414334,0.9489545233770329,-0.02672993236170207,-66.76325599120173,-7.565384919654662,0.9,2.13
1988-04-01,7.188724964588289,4.912122772459604,0.9197517120760779,5.81642405494982,1.142103403128914,-0.28890601138493555,-52.646181573625654,44.92937247585496,-0.4,2.28
1988-05-01,3.0677477295611766,2.937603539223055,11.201008634851206,4.078611125413545,0.8652772943894647,-0.053650182831399995,-48.5465239550831,-95.49059872201792,0.6,2.3200000000000003
1988-06-01,5.095549057741877,2.930429834771253,9.038018556339722,5.057280016050569,0.8958128487313104,-0.22113029412645346,92.99518744072702,-26.819607179970262,0.3,2.03
1988-07-01,5.074003331425203,2.923055105526373,8.719188063066952,4.885711041918839,0.7651866290261395,-0.19151046698831742,98.44179447653005,-26.045330273120953,0.2,1.93
1988-08-01,5.052639043612217,4.856461324728656,9.04827926841918,2.981900975730767,0.9400129889200457,0.0350605331352174,8.249681015935494,11.846417096132654,0.4,1.88
1988-09-01,5.0314539120432045,8.692266687872774,2.491473533294908,6.410614102706447,0.6226531440987912,-0.1415527598656512,137.86839468681137,22.871628728884616,-0.3,1.4499999999999993
1988-10-01,4.010028794283116,7.673798937955034,13.681707269331866,4.552067003610105,0.7698030315683155,-0.12148824685997717,196.746910222515,65.04547575837546,0.8,1.16
1988-11-01,3.996673136598261,2.865127897138997,5.786185760290152,3.2863082280989886,0.809015348532867,-0.20487399866404488,339.3246281622705,124.38154101029477,0.3,1.0299999999999994
1988-12-01,3.983406147422741,1.9061379186306127,10.275973910835745,3.9739335243133667,0.9865893336528515,-0.19182964941032754,428.0272860654368,130.8888902634037,0.5,1.0199999999999996
1989-01-01,4.960734638073561,3.803446598799809,8.29568070314437,6.062319938151717,1.0748680439672782,-0.08246060587028126,505.2570572810946,201.56795168944882,0.2,0.8800000000000008
1989-02-01,3.9538750762236674,4.737590059305141,1.4802704230866937,3.0406572901110707,0.7119260233669564,-0.276858953311935,592.3863910412329,18.410063953908775,-0.2,0.7400000000000002
1989-03-01,5.906492646514039,6.601177279931747,3.709855820195429,3.5760057832149528,0.7866631721284847,-0.4751110505723535,614.7526492821926,28.392567947838188,-0.1,0.6899999999999995
1989-04-01,8.805583743495404,3.755828856204957,15.06452798372564,4.023316748200045,0.7040299512213934,-0.277284030172396,620.6520559965429,-41.50847391437037,0.6,0.6500000000000004
1989-05-01,5.834695449641458,2.809234046425857,2.9768296260279214,3.5742142897525753,0.28412219222821733,-0.28341203080996724,586.3381440206285,-36.31897092443205,-0.1,0.4800000000000004
1989-06-01,3.8740953745424633,1.8692512037752351,4.989892557502884,3.191160575149965,0.21898683576267075,-0.19350993534754313,552.0213453535398,42.938050158848455,0.2,0.1399999999999988
1989-07-01,3.86162843304092,4.660090328682287,6.4091423693611205,3.0794949859320297,-0.43144890826933135,-0.3075729452565694,453.871374067734,86.24208472742544,0.3,-0.0499999999999998
1989-08-01,0.0,2.7874822952384193,11.62325393875463,1.6707779894318264,0.11892696261899971,-0.3255828238185412,373.0196094199782,4.569646364214577,1.0,0.1899999999999995
1989-09-01,2.8880880366784822,6.478979957434738,0.4307904775302518,4.156525298427738,-0.1185435873558518,-0.24749997508263988,498.5659118216572,-35.10874038153065,-0.2,0.4199999999999999
1989-10-01,5.755406716191658,8.279139790308676,3.870170813810603,4.346865069283368,-0.2406268527942217,-0.27326219317972544,490.58423754462274,109.17713170289062,-0.1,0.33
1989-11-01,4.775175421777078,3.661288257266726,3.1991663741933962,3.188610096322364,-0.06748089610290009,-0.20279008474238935,660.1139202279155,63.399907937149464,0.1,0.1199999999999992
1989-12-01,3.8065059673726864,1.8265741898433774,13.39624966599331,3.404084123392437,0.2403529305094807,-0.23598527986202722,646.1602251607692,-23.475348104339446,0.8,0.1200000000000001
1990-01-01,11.347602290443248,4.553977884034666,15.050973447254279,4.611678761749971,-0.1002620389923834,-0.27273532598526007,916.6825763879897,289.5120243814538,0.5,0.4799999999999995
1990-02-01,4.69667918536274,7.250695020398901,-0.8044081868192166,5.805369985516151,0.4369208381804768,-0.4129113826920543,1075.5955257165042,188.32431643006612,-0.5,0.6799999999999997
1990-03-01,5.611857460682046,9.89897881210986,8.563332300021642,5.757337711742849,0.7268551674586519,-0.5563656696091792,1206.7499664410716,52.90371407534212,0.3,0.6999999999999993
1990-04-01,2.7961177699481254,2.6855896868205775,4.816017308270659,3.5693424040086796,0.5451642125478386,-0.4029217319618317,1175.9220977226942,24.179325273597215,0.2,1.0
1990-05-01,1.8604654889454508,1.7869155309792717,1.8447351826644365,3.6585698951697054,0.7196207611004724,-0.4523644784703693,1272.8043166413845,0.07658411211355087,-0.1,1.0
1990-06-01,7.41315098874864,3.5660839961025204,9.08675502676175,4.661979565319285,0.9183597421431031,-0.7044508371793192,1245.0073590204265,-23.4807544416376,0.3,0.6999999999999993
1990-07-01,5.529963703433438,6.2153136431781775,5.4129278007266635,3.0186197134110415,0.7961661110383389,-0.4589063219333127,1167.0535714944126,-18.568940738525498,0.2,0.71
1990-08-01,10.072550554162163,7.9441964771447715,8.323371048943073,4.987883869928211,1.0035610481667305,-0.3154075263799516,922.3788418536278,-64.26259452147087,0.0,0.9899999999999992
1990-09-01,8.178751842071819,7.017696324295031,6.778624990356974,4.180158353768704,0.996710444595557,-0.17359917567226013,806.3380125014519,-59.635046023621726,-0.1,1.1499999999999997
1990-10-01,8.123385666296556,5.236206352986628,0.15502473958193264,4.067567368378278,0.6166104996525874,-0.23310409166282042,635.221871754984,-146.75516279795102,-0.6,1.16
1990-11-01,2.69562075164842,3.4784344213832696,0.40297062051166677,1.4507672207670907,-0.19291180333746638,0.006466959294093577,458.2652122359723,-7.687671074791297,-0.1,0.96
1990-12-01,4.479288515620894,0.8679302379242415,-3.2897139518830443,1.6642602829133324,-0.6623723012235061,0.04551939862835308,385.65871393618,-176.4871057537257,-0.4,0.9900000000000002
1991-01-01,4.462630654484556,9.506655444670997,-6.325397973045455,5.9722978002721305,-0.8810734342014541,0.08445819867543225,259.56123287425726,-341.20746786829045,-0.9,1.4800000000000004
1991-02-01,0.890538074265379,7.722654376806304,8.00241687952763,3.3051445021808235,-1.3555716443907713,0.22368517070145177,-77.89515678625321,-168.89050240301185,0.6,1.5299999999999994
1991-03-01,0.0,5.120962899606951,14.283495757881326,2.5019606131650107,-1.732062188255746,0.3635962608198504,-258.5964059674734,-208.5542593793698,1.2,1.8599999999999997
1991-04-01,2.6676557855360272,1.7020053035018634,-1.8107188765746685,2.400078221930002,-1.6052461853409241,0.20457188145165617,-490.42305620556,-125.20506031173159,-0.3,2.05
1991-05-01,4.432956648170006,1.6998006193237103,7.98951971128119,4.7665440142480975,-1.073704473094395,0.3469671952775677,-602.2376909528539,-127.83474377978519,0.2,2.24
1991-06-01,3.534612275709037,1.6971906317515106,2.225129865244213,2.5972162220035955,-0.622806413534704,0.2911231585976255,-541.8688365050621,-86.42645356736398,0.0,2.37
1991-07-01,1.763409575231023,4.232914329935511,7.740493543244753,3.6458444662031297,-0.5005468058697957,0.13735663276775067,-601.1031970960466,-58.95445604553902,0.5,2.33
1991-08-01,3.519064105533687,5.900943888772758,0.9376063790625722,3.290923329194939,-0.5578771988622151,0.18596426225784946,-613.6898471793829,-73.3870157483284,-0.2,2.1
1991-09-01,3.50877442972255,5.872068210021197,4.707190023410135,4.786314833475203,-0.1315143810796684,0.13723315288277504,-605.3361179310014,-108.68830315030254,0.1,1.92
1991-10-01,1.7505473563911522,4.176926931896219,-2.622885966405164,2.6423982352064,-0.23573639961766446,0.19143749627250717,-610.7067231763212,-46.81739240549268,-0.4,1.88
1991-11-01,5.2363719453285995,4.162236921475326,8.301201082080212,2.2386296470699563,-0.411412168628587,0.14884195397696587,-708.4243395102967,-25.72580986910043,0.5,2.0600000000000005
1991-12-01,3.4782633048138223,0.0,5.05477997200785,2.9531486745295155,-0.7977942316814932,0.4096978932754993,-721.0692333387269,-53.36183068852074,0.2,2.12
1992-01-01,0.8679928045715712,4.148050761522981,19.010415835931127,3.26648983451463,-1.213206562055916,0.37424634520065325,-735.1724749326822,39.328056503426524,1.5,2.4400000000000004
1992-02-01,2.600217702108054,5.78312731163102,4.340074621703138,3.2576223371798108,-0.8785177306541456,0.44269988954238837,-844.2150603108312,108.40106875660831,0.1,2.74
1992-03-01,4.321214608313184,6.57528357021242,5.111673280406137,2.9862207965475562,-0.4574120579228165,0.4152451167611346,-852.6269318478589,149.91169200585568,0.2,2.91
1992-04-01,2.585279276431862,1.638306037623849,4.218953245602108,3.9327105332393586,-0.09751285613281624,0.39203787426944015,-774.7794058725267,-54.093115665996265,0.1,3.03
1992-05-01,2.5797215237908233,0.8182158490178892,7.78781729518272,1.6815098971111553,-0.011611672828649944,0.5732051730134105,-723.9845885099348,54.42319328972053,0.5,3.0600000000000005
1992-06-01,3.4310244960547465,1.6349579705096318,5.384209140747487,0.9331550440691672,-0.10749328382872392,0.7588467990867747,-751.500781759707,-21.49907711195965,0.3,2.8200000000000003
1992-07-01,3.4212425170071725,3.2630508309868134,7.931404814866028,4.524829046699352,0.3386583414147637,0.6490227326684694,-760.5360109139292,-34.8234022444251,0.3,2.63
1992-08-01,2.5595459401699827,3.2542019701800484,4.585974699788409,1.0960516587388724,-0.15963330173899948,0.5437402562430496,-742.2461137104256,44.48823551040232,0.3,2.47
1992-09-01,2.554098161791174,3.245400972934931,9.740267251915924,1.9481276745914045,-0.09936823587124621,0.542961581271971,-820.7341128862608,-3.523727937577405,0.6,2.47
1992-10-01,5.091945405439446,7.2703652910384164,8.262327722815854,4.607241857458533,0.1744646020827858,0.24661115947667245,-755.0514863094577,46.17805386073678,0.3,2.74
1992-11-01,3.382666087703967,2.413699377329337,4.416908495036154,2.6195244837204257,0.25528317575977866,0.3545757369132261,-742.1927164235676,7.631172057774393,0.2,2.91
1992-12-01,1.6877639913019493,-0.8041571487488852,9.975858954723549,2.227626576517139,0.19549333319902473,0.36672493386273697,-663.0998515412211,11.87001099666918,0.7,2.86
1993-01-01,4.209053771613824,5.617039687389536,1.1893375488106983,3.4896025326084157,0.26798319444149854,0.28290374729124856,-523.6633988141693,-14.071574921948923,-0.1,2.83
1993-02-01,2.518363988304273,7.18312978418183,4.029442608535305,2.2902693437220734,0.3982273036022832,0.10293170715551447,-423.7278167932527,-23.1605556037689,0.2,2.5
1993-03-01,1.6759779260656416,4.765104315548641,-0.7717219310968915,2.614718725748588,0.15448159485244162,0.026608697318721397,-632.1011985155055,-159.3629237617772,-0.3,2.24
1993-04-01,4.179732543384418,2.3754751974493615,11.223626565289635,3.483523355797402,0.1391743476892202,0.15372745360884466,-509.562211475044,6.3569362629580155,0.7,2.26
1993-05-01,3.3333354766828194,0.0,7.894944423852479,4.054395735958849,-0.30627688627872374,0.18407886402765694,-419.8456272494659,-0.9542930009254178,0.3,2.24
1993-06-01,0.8318891147716556,0.7907173447730287,4.7662095515697445,1.1429349799310984,-0.3656642203279432,0.11744314105931597,-437.6508311516518,9.74962952130295,0.4,2.15
1993-07-01,1.6620501271940924,1.5800647394470957,7.785500263528178,2.481678885259342,-0.40215849850676477,0.053587713933534786,-321.64805254811654,-25.48498882527906,0.5,2.05
1993-08-01,2.4887668789553175,4.7275587489419735,3.2715104061743716,2.241774787206552,-0.6983051715149173,-0.007728143893658945,-378.4771283866139,11.387482246801028,0.1,2.01
1993-09-01,1.6563149627494056,2.3566230590891024,8.113368540239918,1.8048373032897302,-0.5769217623786176,-0.06674888033525761,-339.7555589445983,45.41444281590611,0.6,1.7800000000000002
1993-10-01,4.955272010413481,4.699786316552945,5.652189170035626,1.9641855945206288,-0.3271773007093941,0.07628159337240348,-269.07456136555993,85.64250216302048,0.2,1.69
1993-11-01,3.2921831349010944,3.122932986659066,5.6256912287459215,3.092924254306695,-0.26140075210750524,-0.07887599866809936,-237.0017586569884,61.11511578837781,0.3,1.9599999999999995
1993-12-01,2.4632235812905634,0.0,4.471140051853695,0.5386480025812546,-0.1101983615273241,-0.13246622968706312,-125.0860880928958,209.86979179622745,0.4,2.0900000000000003
1994-01-01,0.0,3.1150153861052132,3.669647472150217,0.9510209767224609,-0.16455822109318774,0.015271804585127668,-79.86002849176293,-59.06020581444386,0.3,2.11
1994-02-01,3.2764525474284767,5.431613609841079,12.367619807137231,2.5980047326225275,-0.3765607702654137,0.06410820746181756,-133.8473721382179,-1.6561873357459262,0.8,2.1500000000000004
1994-03-01,3.267530950147801,6.177548975841418,3.466042545034753,4.073796738688529,0.048924979149887804,0.013812021714362466,90.43363451842743,218.10463834339293,0.0,2.4400000000000004
1994-04-01,0.8154944248609297,0.769915690090528,6.465546761423724,1.8002097679236329,0.18755616540011033,-0.03585216184473161,192.47403998527443,112.2451773470541,0.4,2.8399999999999994
1994-05-01,2.443163382118385,0.7696085436286637,-0.41110849812184824,2.668604975193034,0.23518652916469307,-0.2851207115711274,280.7586126559763,166.77318964387882,-0.2,2.640000000000001
1994-06-01,3.2498327242549863,1.5373653786159736,10.082802644520683,2.662683597180049,0.42675678638934755,-0.23422750608702714,350.75875467134756,43.68864039852656,0.6,2.5600000000000005
1994-07-01,4.049953219831082,1.5355843564542226,2.9778900694878985,2.515241448119454,0.24559132062194067,-0.18338662396522043,470.9263710463856,67.97991330415334,-0.1,2.58
1994-08-01,4.841970254615191,4.594627411359653,10.62939293407723,1.3440227766704282,0.43018487952240037,-0.23279587797946188,514.6890085491905,73.63235812055382,0.7,2.3999999999999995
1994-09-01,2.413678319622292,3.8156788103410832,3.1202835899847514,1.8191053663535683,0.3682151557978415,-0.28264034572128693,607.4415107277309,92.62660378020996,0.1,2.46
1994-10-01,0.8034817842869302,3.8034002687336255,9.487006932371145,2.8203370944822836,0.6436299682054027,-0.3330889384018194,566.5429788376932,63.938165857401145,0.6,2.45
1994-11-01,3.2085580612832842,1.5181014992453612,3.1623196181300273,2.1987854201153567,0.8357515650052818,-0.48429093943038826,724.310330696535,120.53612752336653,0.1,2.43
1994-12-01,2.4008010675554914,-2.277780920509187,3.972198264546023,0.4041380257401528,1.2662574979321732,-0.5363725010400495,779.021140859244,60.385131798939256,0.3,2.1800000000000006
1995-01-01,3.1936146594169657,6.064561893957787,2.3770228967535445,2.9828937716285253,1.0950672804175952,-0.3894261441486213,857.9026845523622,8.441451140540266,0.0,2.05
1995-02-01,3.185137901848023,6.785945605412991,-0.09894867043271915,1.9611567015569875,0.7192124913446349,-0.5435071415835626,795.1281383120804,-86.34283540733918,-0.2,1.6000000000000003
1995-03-01,2.383317565955423,5.999944306179117,8.529030789917869,2.935738529362908,0.5387486632574223,-0.49864372269010726,757.8111020992365,-157.01623501209292,0.5,1.3199999999999994
1995-04-01,4.752481459316371,2.242493696915915,1.1784443845712644,2.7892799657927014,0.1133813833882158,-0.054826373261987804,665.0099586429278,-142.62125881087718,-0.2,1.21
1995-05-01,2.3692011644602218,0.7464469799984386,10.481269488241907,2.0355648715248975,0.15697882586772494,-0.2120109510566346,394.7304649012658,-99.1895140356387,0.7,0.7400000000000002
1995-06-01,2.3645327847592768,0.745982949383972,10.752195924126084,1.0425415500385782,0.08410129111931042,-0.1701495064444476,389.9321965852432,-135.74270366424207,0.8,0.4599999999999999
1995-07-01,1.5737707173723692,1.4907567196388527,-1.7612114503798182,1.8916362662700692,-0.5302018217409596,-0.02917936681311506,231.54731756793626,40.70435748614523,-0.3,0.5899999999999999
1995-08-01,2.356792901591831,3.718539463423909,8.444724339870646,2.875124058837386,0.09861304603553833,0.010973956387619666,246.4809130976064,-7.8537188250020336,0.5,0.8399999999999999
1995-09-01,1.5686276743462457,3.7072315979628456,3.6386151678762246,1.5732038990158514,0.06732627276835501,-0.04961302194706452,224.62198874769092,-58.42514752970055,0.2,0.7199999999999998
1995-10-01,3.1311172363359674,5.170636517113181,-1.5785699478030324,2.916203757511582,-0.388788611351103,-0.1108645490022937,128.84243336162763,-62.01759816282629,-0.4,0.5800000000000001
1995-11-01,1.5625002207585226,1.473369271059255,9.938981291980298,0.7753106896458917,-0.5309627515670883,0.027298573385548863,18.99853703363624,17.365317042657125,0.8,0.33
1995-12-01,1.5604683603399394,-2.210643426951009,9.904420410766335,1.6867230728475846,-0.6172002939147205,0.06496324230709405,-70.06235753334477,-7.275707368565463,0.6,0.3700000000000001
1996-01-01,6.221660081023828,5.151787941711916,-2.781052387813787,1.3579815084909796,-1.3795685120158367,0.1022144591187093,-327.49422697922273,25.058817223396318,-0.4,0.3600000000000003
1996-02-01,2.3248312082721156,5.8607511430885495,11.062367328049305,1.5623549124107683,-0.6668918183607673,0.039132713840491995,-156.4461825024191,45.36888469588962,0.8,0.5499999999999998
1996-03-01,3.864737640050109,5.1050020699932475,9.431356220679987,2.7763112025517955,-1.112798822070971,0.07579139826620995,-153.04459264672187,-25.347251269379285,0.5,1.0099999999999998
1996-04-01,4.621315082517441,0.7274408030578883,8.022146566838728,1.6251009262077787,-0.7419718203360333,0.21226118664005345,-238.4049616377597,62.90551239230149,0.4,1.3499999999999996
1996-05-01,2.3040007077892,0.7271763268825282,3.63504179492935,2.0837489935153997,-0.553515832649623,0.24860748991466863,-151.6321656043874,47.12403897142758,0.1,1.4600000000000009
1996-06-01,2.2995855009170896,0.726383689029575,1.3775160309641876,0.9211611631375405,-0.3551843526845744,-0.015119021317480552,-131.8145247753273,6.300823320133986,0.1,1.6000000000000003
1996-07-01,2.2951871835992677,2.1773956505789727,5.060255359029497,2.2487548993439077,-0.721192435514169,0.2211150591270501,-137.02982936776243,7.425087787850089,0.2,1.489999999999999
1996-08-01,1.5276895761580533,2.1731009533954904,5.26651616210998,1.0377753693127545,-0.7176304706316614,-0.14265581263625826,-213.34671581246948,88.48561716683025,0.3,1.34
1996-09-01,3.8107367686638582,4.3347812110418715,4.90371108811587,3.633639384435483,-0.6303387647222252,-0.0064125357043609554,-267.82430457975715,2.470680618232336,0.1,1.5099999999999998
1996-10-01,3.798673637473371,4.319178947678992,7.205600891976616,2.84488731122714,-0.999607789021681,0.029873897479442135,-260.50690039577603,-84.6375975313099,0.3,1.2799999999999994
1996-11-01,3.7866866385716236,1.4361625116279697,5.101274571826053,1.5719529816930589,-0.6942842412405241,0.2662329397868284,-237.42020907669212,8.142735469793706,0.3,0.9399999999999996
1996-12-01,3.020769373652854,-1.4361625116279697,6.128738927293398,0.45598801469104444,-0.6003454018817251,0.30269196951326016,-301.57184568171215,-115.20049001592793,0.4,1.16
1997-01-01,2.2605972148486586,3.5875360717714244,7.2291385207847725,1.2825923084147206,-0.8803203372648198,0.239259876555602,-349.95293775560276,-134.68000909368675,0.5,1.2999999999999998
1997-02-01,2.256346637822304,5.7176344812315705,5.067733970434318,2.460087638638342,-0.35879642305646087,0.17592453053505874,-295.53367035383417,-8.300556834666168,0.2,1.1900000000000004
1997-03-01,0.751173733448951,4.980722763854217,4.452531696721707,2.858144958871378,-0.26779990156653355,0.21265718580362858,-241.25992624457285,-42.05751553164146,0.3,1.4000000000000004
1997-04-01,0.7507038092811058,2.8368484348263223,1.1215467898459508,2.3486656456036314,-0.5843320986866445,0.14941687973202278,-208.05706502434623,-11.945691049827929,0.0,1.5999999999999996
1997-05-01,0.0,-0.7085406642428183,0.19781125554203527,0.871192063507209,-0.5558757430930399,-0.013852118169170424,-202.83369212811522,-66.95696859364034,0.1,1.5200000000000005
1997-06-01,2.249297753220958,-0.7091312310404163,7.449085484428508,1.7739351950947224,-0.6003729848438581,0.12278408543843433,-213.48396458348725,-20.082403805614376,0.5,1.4500000000000002
1997-07-01,1.4971929577860976,2.1259661051939105,11.866437365313232,0.819141187381689,-0.3271273715151324,0.05926034584587914,-182.88795374495385,-82.3084025387991,0.9,1.0700000000000005
1997-08-01,2.98879357494215,0.7077048334718228,8.232938775576315,-0.484730305717207,0.07109924188554828,-0.004497008328395502,-477.9109056916932,-134.6199760348684,0.6,1.0200000000000005
1997-09-01,2.9813679931937287,2.8268241380907,3.153183149014893,2.488432052789591,0.41046771752915845,0.13143423623225559,-258.4053659505298,16.003580325790836,0.0,1.16
1997-10-01,2.2311751082202846,5.6337490330896856,7.687269380070916,1.8171339162719846,0.7353339801393162,-0.03302339486327899,-178.19069179095095,-15.407680227760466,0.5,0.96
1997-11-01,1.4851487044197142,0.0,4.97044644495972,0.36642747380355445,0.9878254497370307,-0.09795650338362272,-146.06829566537635,-30.82481582620744,0.4,0.6600000000000001
1997-12-01,0.7418856495970516,-0.7027312686894049,6.553234762139226,0.6992328060327679,0.947218481483489,0.036550602193908155,-90.82721567258704,19.782185377559017,0.6,0.6099999999999994
1998-01-01,1.4823967295903628,3.5097182512767944,-0.4638903589665233,1.8293954066241014,0.9233208315504413,-0.029579584073047727,-102.24634627970227,-26.55452415714126,-0.1,0.3799999999999999
1998-02-01,0.0,6.292112171773923,7.128296629714725,1.0298861389898661,0.673174477048363,0.003572893636889063,-159.09827450831654,27.19583426613781,0.7,0.4000000000000003
1998-03-01,0.0,3.4812083371715374,5.542928254202906,1.277822843586307,0.32195727558554665,0.13593004528287977,-278.1484869393753,5.065883408020454,0.5,0.5800000000000001
1998-04-01,1.4805677387148108,2.7777472521808733,7.862470060540971,2.2039486693227417,0.23710033654278106,-0.23258636729353022,-264.1514216624637,-26.9136425704703,0.5,0.6600000000000001
1998-05-01,2.9556665188774645,0.693559367984875,10.280468863584957,1.158349166712469,0.42771241115667635,-0.10206402183727015,-128.8422009000351,-35.712361305770855,0.7,0.6299999999999999
1998-06-01,1.4751077456757855,-0.693559367984875,6.927668348912164,-1.5060720671122851,-0.4454142146372817,0.027425555737788265,-160.93760302588635,64.70197856863797,0.7,0.5399999999999991
1998-07-01,2.944786753879214,2.0791409135625827,3.7341570896060716,3.373622386553876,-1.1255169571546304,0.055817927297067804,-286.1454590387584,117.36410844436227,0.1,0.5
1998-08-01,1.469687875075465,3.457137993382986,7.10962722924009,2.342719617809763,0.277697698831858,0.08304675015350949,-211.16242371498083,29.30426652005235,0.5,0.3699999999999992
1998-09-01,0.734169493686565,2.7585905752097517,8.194740271502354,-0.1977994812239814,-0.10619857055081638,0.20904180537510353,-269.66528061837016,-6.45545929094942,0.8,0.0099999999999997
1998-10-01,2.9321944949710854,3.4394692167364127,6.659774373529359,2.338539976506837,0.15374662626190627,0.1337271068944128,-318.31614925561007,123.10498390619136,0.4,0.2199999999999997
1998-11-01,1.4634148155135307,0.6866458479318993,3.3160780869927464,0.21386415569999428,-0.23230694426466414,0.05701215185195618,-295.75842237786856,65.00609730209248,0.3,0.1299999999999999
1998-12-01,2.1917814312416795,0.0,10.941751644811859,2.0708646066342595,-0.15011019251430469,0.0787971507836085,-169.61338744811655,194.25983313015536,0.8,0.0600000000000005
1999-01-01,2.1877854738175273,3.427679999414579,0.6719146448723734,1.7065969400853476,-0.07439789644404016,-0.0010216449519662163,-308.4817931499856,147.87362931146913,-0.2,0.2599999999999998
1999-02-01,0.0,2.735012650638069,4.988054598086222,-0.41001811312249004,0.16750559030796808,0.11744654397953624,-128.95260945960763,67.84143350093427,0.5,0.4699999999999997
1999-03-01,0.7283763501323648,3.4099818025310924,6.631693927386095,0.3608233359607027,0.08798108062410392,-0.06590743214001815,-245.59338400642446,106.14692435141319,0.4,0.6999999999999993
1999-04-01,7.983095665233009,4.07936009384855,12.941540392695572,3.0789824592048376,0.02299775505416335,0.048799120961241726,-112.96270937759255,-52.2309306948905,0.6,0.79
1999-05-01,0.7231093921735265,-1.3581365933905687,6.29365321805011,1.1444142556740644,0.3262186843506214,-0.038546525539804755,-117.60212306419271,4.679464490034661,0.4,0.9400000000000004
1999-06-01,0.0,0.0,5.41770316032455,0.6371291221018538,0.012905342199644565,0.07193951070587445,-63.04531792469788,-48.1466668178341,0.4,1.239999999999999
1999-07-01,5.04960168024553,2.036793383833313,5.221599102649321,2.1539304124008396,0.2966965482120969,0.08014378888936591,65.18217999655462,61.265573694669,0.2,1.13
1999-08-01,2.8759750135201045,1.3558346462904325,8.425091068354362,0.5867651969573728,0.43833022579448766,-0.014052127597602215,12.559222802199656,39.89442785923825,0.5,1.12
1999-09-01,5.016430118109483,4.058664133393819,10.303246086144213,3.1733350018008366,-0.12797630557361117,-0.010772240904195485,16.56013605458429,26.71388295383963,0.5,1.12
1999-10-01,2.143495657756489,4.044983097214683,4.669521984620673,2.0460086147338075,0.7753638339883224,-0.11013957733738433,236.65837314787495,-0.3048441899397858,0.2,1.17
1999-11-01,2.1396736723872323,0.6727858523603913,6.961085141835355,1.151374778357095,1.0388464116042542,-0.11227641513185471,346.3262374667538,39.80760812872609,0.5,0.8999999999999995
1999-12-01,2.846976424357095,-1.346112393466825,17.053798647601326,1.5226578358088716,1.5799133496874447,-0.217297383940533,494.0195977866533,100.0206227803983,1.3,0.9900000000000002
2000-01-01,3.549248372679159,4.033652857242842,0.3485199391654703,2.8780481882730413,1.3090344285392348,-0.22530931644307284,562.1702724498318,28.300818218406675,-0.3,1.2599999999999998
2000-02-01,4.951377493406994,4.6889635380875205,15.018193925034495,1.758998707922288,1.4646697122561108,-0.13640395522302207,521.1757728820521,129.60786701949905,1.0,1.13
2000-03-01,7.038143342877845,6.666687854646014,11.033897357766165,2.4647116052804563,1.6761883597659448,-0.25065739638361784,865.3945709068212,-3.1005235741754404,0.6,0.8099999999999996
2000-04-01,-0.7019596573375253,2.656306990017754,-1.328784477667,0.7882830326707335,2.124957816822146,-0.46813626353120785,1016.1489455856499,19.124353133212026,-0.1,0.5999999999999996
2000-05-01,2.10464830331496,0.0,5.485191194958361,1.285880884391588,2.291329127208769,-0.2888897735085001,1118.7010791348584,-31.768580848373176,0.5,0.9000000000000004
2000-06-01,6.98895394318626,0.6631188299490276,6.634679445865999,0.9153502260481616,2.257805768194771,-0.31293463369545815,969.2425878717622,-47.831731589042874,0.2,0.6099999999999994
2000-07-01,3.4792717908029402,1.987321172423151,3.8356278124297205,2.741868789535218,2.0209320969708386,-0.3402674896822173,1037.887400538806,-144.11529900746154,0.1,0.2199999999999997
2000-08-01,0.0,2.644598874464421,6.065754590901662,1.53655336907903,1.7264956786604273,-0.2708632554871304,958.6821373653656,-66.66616137426672,0.5,-0.0300000000000002
2000-09-01,6.23738048834106,3.9560821477401475,15.040295051475994,2.9076593201523337,2.1248437358802335,-0.5046732154417666,987.6013430667517,-101.52118895322155,0.8,-0.0700000000000002
2000-10-01,2.0719429607847673,3.2866953577553204,0.905502713037265,1.674296502454098,1.746903595713647,-0.5416298439293992,939.5529872099287,-60.712622413548615,0.0,-0.33
2000-11-01,2.068371669798097,1.3122571225196111,2.7818842329175197,2.1174275306648838,1.7672550266513554,-0.5816305685822276,1091.376455935184,-60.2656523419048,0.1,-0.4699999999999997
2000-12-01,2.7522947845188384,-1.3122571225196111,7.3409549379448436,1.1765018563433927,1.4693564844343285,-0.6245352038488465,1209.8458886476292,-81.2012531706132,0.5,-0.5999999999999996
2001-01-01,6.853245354617954,4.586397592201763,6.060445031700823,4.457050546875507,1.0429436987600127,-0.37016317316614433,1165.6596347207378,-15.536214217250063,0.0,-0.29
2001-02-01,2.730376604561968,5.871223945822379,2.470478097854567,2.1196109013288833,0.4647503606810659,-0.41829052947074086,1229.4320264523267,6.718314176521972,0.1,0.0099999999999997
2001-03-01,0.6816245568103341,5.842637693796604,-0.8743794364775681,1.2478693231212645,0.30383773460444274,-0.3686676199233414,1180.6964475545683,-31.447739427193255,-0.1,0.2199999999999997
2001-04-01,2.0425536846371273,1.9410846267120974,1.2856317609369228,1.908781188452835,0.0074348106065258435,-0.32101574373121267,884.9009045155544,23.955086984112086,0.0,0.8899999999999997
2001-05-01,6.106883408966013,-0.6466794003788578,8.297678362882266,0.2836916705060588,-0.3925505210789453,-0.4750305981835732,840.4114110145892,-24.08156070625978,0.4,1.3099999999999996
2001-06-01,2.7042264965320584,2.58478576940675,2.8720141165507584,2.6760075628633473,-0.8346108865245299,-0.33038558780965577,745.5325292792695,2.432299837287019,0.0,1.3199999999999994
2001-07-01,-2.0275983421527144,1.934981202188979,2.136801016842327,3.0935744364846585,-1.3752116513498578,-0.28672112890270984,637.5104596337187,31.48832328095341,0.2,1.25
2001-08-01,0.0,2.575078974856737,6.657296714065097,0.595813637557896,-1.4441602220853156,-0.043654694312385445,512.539629309671,-76.92200461877178,0.5,1.2100000000000004
2001-09-01,4.725744504165164,3.2112140118350396,-19.484173897000545,-6.838252354305752,-1.8651685044521429,-0.0007838456988311648,285.7701939791441,-87.80938479451606,-1.0,1.48
2001-10-01,-3.373631685056111,3.2024885995735275,34.75372821613192,8.420425721810076,-2.0816481152673703,0.24229688685380157,10.316716284316499,-116.17917637303162,2.4,1.75
2001-11-01,-0.6758659711188386,3.194119414474983,-5.1017082511201295,2.439660956047618,-2.5950811457573906,0.3859930276950898,-258.7260862850817,-61.03064060712677,-0.5,2.1
2001-12-01,-0.676246847990214,-1.915420242009347,-2.609242090110797,0.2811804384176497,-2.6169051282516733,0.5306932750019104,-378.26421267786645,-102.35497075124977,-0.2,2.7
2002-01-01,2.0275983421527144,2.553163310538764,2.9934585910361022,0.6714422520158081,-2.0226773811112935,0.4767595218797718,-459.1856947535998,19.860878179081737,0.3,2.69
2002-02-01,2.0241781577748696,6.359319935720009,6.762082599505703,2.2925622189152506,-2.0107734931745256,0.4245168077345305,-537.3522960238333,142.63705915242986,0.4,2.58
2002-03-01,3.366061113129959,3.799508851569655,3.018952976676559,1.4325756917852317,-1.3760285895726412,0.3742570636719069,-508.5938921046618,-53.00765409029509,0.0,2.95
2002-04-01,5.366135269672512,3.1569914791695908,11.393403761373833,3.341213671517451,-0.95473815838875,0.5262427404637569,-571.7030424804834,-112.06439315951297,0.5,2.9400000000000004
2002-05-01,1.3377927806953238,-0.6307036107191522,-3.879083466082278,1.3338849476014047,-0.6171021301650228,0.3807102988080686,-514.4369876153942,50.479391421446735,-0.4,2.76
2002-06-01,0.668337527719487,-0.6310352742499248,5.51898806021569,1.9051925651577761,0.09424586581742744,0.33785965476808055,-433.5132663731929,-6.3559686212195174,0.5,2.49
2002-07-01,2.669634026533174,1.261738884969077,10.57261186554328,2.4428905657440936,0.025815054592072784,0.2978642861918326,-487.6136928269407,-78.55364707460853,0.6,2.13
2002-08-01,3.3287122592707163,4.4061249004226255,4.102734420318654,2.3608538061015594,-0.12269188365938533,0.16087420845133948,-458.38997596177796,-111.09637633910711,0.1,1.67
2002-09-01,1.992804222168587,1.8832023880214876,-3.4206763187562217,1.9561412907130205,-0.10227406146736939,0.1270187518987438,-509.4599627007847,49.03856629927827,-0.5,1.31
2002-10-01,2.6519347809632166,3.132421392574969,7.073745587484126,1.015319591370556,-0.35632207109262026,0.09641607506615646,-371.40966732981906,-118.11838141932412,0.4,1.37
2002-11-01,1.985112115231047,0.0,4.6070262641222826,1.1680927199289926,0.07638059756951066,0.26917551573903165,-354.7897249706584,-24.540187210779777,0.3,1.82
2002-12-01,1.9818336461678854,-2.5051914253406693,8.985806518772677,1.120914215130142,-0.5125248007880856,0.3453997161420501,-494.12497840709693,-1.1916161255760471,0.6,1.84
2003-01-01,5.26894370098816,2.5051914253406693,3.410089140513861,0.813158884766807,0.16639768431940638,0.1251726257557486,-380.91563224751735,51.96427096546563,0.1,1.88
2003-02-01,6.553812030626105,4.371577398281445,1.1610415819014008,1.6552995191215558,0.17381959537679847,0.20855420796926527,-514.6275768656633,-184.03550405735564,-0.5,1.73
2003-03-01,1.959184108662626,3.112768988215109,9.957775097003463,1.9283012910879194,-0.17629908052585108,0.19559573362827898,-729.7002501608658,-99.15752794366904,0.5,1.65
2003-04-01,-4.576415244294552,0.6215559006097493,3.6206245491086975,1.329640025234724,-0.838110427103743,0.28633399064735876,-808.5373520063731,-194.3556071997673,0.6,1.8000000000000005
2003-05-01,-1.966676211852203,0.6213847238921488,2.4808969372500655,1.724807114766591,-0.9910542850803523,0.3807921839040169,-809.4919086469017,-98.57666239250239,0.2,1.45
2003-06-01,1.311475540373408,-1.2429406245018981,7.708220043046055,0.6709362785329631,-1.0127122930662296,0.5789736339708575,-853.860797900008,5.245882828439335,0.6,1.35
2003-07-01,3.92584864873875,1.2429406245018981,8.912738460470138,2.9993735204378424,-0.6932972664576198,0.4808552175188252,-897.8846828673268,23.185450414927573,0.5,1.97
2003-08-01,5.214565511401759,1.8619251738591913,14.622420519773272,1.3525922948780078,-1.0473516934081601,0.38637360471650783,-979.7449307616625,-52.68490197858591,0.9,2.42
2003-09-01,3.8961073186445816,0.6199501877734548,0.24449566486808294,1.6696393996237902,-0.6250699164280036,0.3954320730090579,-940.5605556928203,41.706273201628164,-0.3,2.24
2003-10-01,-1.2972974236479473,4.331006014746563,2.091457234108418,2.2124849991886464,-0.684673545270698,0.30790706834130077,-822.3825339281466,58.43408218304785,0.2,2.27
2003-11-01,0.6488240222946473,-2.4729247731425374,8.390154508688852,1.6340119023748656,-0.2507407820567664,0.1236475760974356,-859.196525029809,163.57073492417976,0.7,2.36
2003-12-01,3.238868362998204,-1.858081241604026,4.203368501182325,1.495892157070955,-0.4115022821327301,0.04248119922636562,-836.9310786616697,127.18438346115681,0.1,2.37
2004-01-01,5.16407467206399,2.4767528665464056,8.52768746238226,3.0765767333015503,-0.466471288290748,0.06422695403976242,-765.4550780621648,-28.66817924870179,0.4,2.24
2004-02-01,2.573727528160319,5.554185881452511,4.980222135041146,1.9414192394219043,-0.11133246677563591,-0.011299093233982482,-804.5792862559902,-102.93899249692868,0.2,2.14
2004-03-01,2.568219278841255,7.365668210104204,8.684483229743023,2.0133476619967894,-0.6919380899927745,0.21571466342838264,-598.0613096652378,40.42189527072492,0.4,1.85
2004-04-01,1.922563829132784,2.4452100170950786,1.24398382114137,3.1185204587149684,-0.5627326989261832,0.04508061470936209,-446.6028811504075,37.4715841496527,0.1,2.45
2004-05-01,5.111828816349728,0.0,10.213956540959401,1.6459471139182114,-0.11161278330368418,0.07659617110649997,-289.86420153660583,8.264367159187714,0.5,2.83
2004-06-01,4.455056827421444,0.610635770736323,-2.777013746914747,1.8975170640164407,-1.0670357541934123,0.1100556125190959,-328.4744575599907,-151.14806487468172,-0.4,2.66
2004-07-01,1.2698413883370563,0.0,11.608861770216095,1.4174434204495157,-0.6026512717757981,0.04524789966790266,-411.0427064982068,17.285404959648076,0.7,2.36
2004-08-01,0.6344171440389346,1.220192296374023,5.0446813852921935,0.46217209027012984,-0.7731348965260736,-0.018045649477197223,-475.15519490273437,34.626389967174646,0.2,1.99
2004-09-01,3.799475469660152,3.653002763200419,10.098114739346897,2.248683652047845,-0.8905203381366675,0.0199531408384237,-480.3696246925974,-88.0646969224465,0.8,1.71
2004-10-01,6.305847406030551,4.853338249262151,7.972022198455875,2.600829567770191,-0.32948761637652524,0.15902369953950046,-301.2107008981984,76.27015261002566,0.2,1.59
2004-11-01,5.647069244894709,-0.6057050568958999,6.75472047624055,2.5803910187580215,-0.33505490932442683,0.09894406991598892,-393.16976954817073,-215.30493751221388,0.1,1.46
2004-12-01,0.0,-1.8185104348074077,8.4820016954815,1.539657489428592,0.17898248602517697,0.13948125194536942,-436.7172592614952,44.268860095653054,0.6,1.41
2005-01-01,-0.626141417806636,3.634562527297902,-0.9457655720382263,4.312354650096495,0.2814525403798598,0.08039537448915723,-460.2962952009402,147.0653245502158,0.0,1.38
2005-02-01,5.000007233815396,6.6346643826193485,8.639406952491413,1.9884990771888766,0.7371707951079856,0.22143688021082042,-385.31967494179844,212.15516074166885,0.3,1.23
2005-03-01,4.3579814434352215,7.196487023702147,5.497313999900655,2.9545622588969422,0.368033246262641,0.062350628761704385,-446.16823103881325,-127.40113930955363,0.2,1.4299999999999995
2005-04-01,3.7228571741781735,1.195278033727476,11.113248533753506,1.3792430355302088,0.33938469748061095,0.10286610223203319,-263.19603773593553,74.44218341970986,0.8,1.2200000000000002
2005-05-01,-0.6196746845681389,-0.5974177451726348,-0.940634053926459,2.4610885755301126,0.1932443945343323,0.042708452807254105,-278.7261853722739,44.739735253961044,-0.5,1.0100000000000002
2005-06-01,0.6196746845681389,-1.19587354548365,11.266653781852654,0.8338667246022169,0.3990080148144699,-0.018404310806507063,-205.06348678431823,95.54095292163106,1.0,0.7999999999999998
2005-07-01,7.41124332067713,1.19587354548365,13.685458884674517,1.753617146798092,-0.13354218403792117,0.019242854232094153,-38.49339882345521,90.89216622509093,0.6,0.7599999999999998
2005-08-01,7.365752026542793,1.1945382150358341,-0.501584403961175,0.9779892159695436,-0.037551653271748364,-0.04463373115845748,-21.287137821142096,142.8330701783134,-0.4,0.6800000000000002
2005-09-01,16.40947322420807,1.7897252523724205,6.800953388815145,2.6526111804543007,-2.1342565703731964,0.08968091763099917,-154.7132469561766,211.3970478392846,-0.4,0.5899999999999999
2005-10-01,1.8095002172124452,5.9464980489927655,5.125884389557456,3.445458399266599,-1.1849905050746798,0.1219048847742954,-247.03879113384755,139.60756330278377,0.3,0.6200000000000001
2005-11-01,-6.0423088387747015,0.0,1.0332854977619377,3.059173433155493,-0.30093881484675933,0.15175002660375903,-69.52009128392092,237.4734003130461,0.5,0.5700000000000003
2005-12-01,0.0,-1.1870021437733413,4.672209747850786,1.2446332342566535,0.010895433847309732,0.07891973383472095,-82.39631286455551,101.99364764463348,0.4,0.4999999999999995
2006-01-01,7.247128217092325,2.9652349305894887,12.031542069864543,2.6874740318206136,-0.01726992692695717,-0.09689314101378255,15.098206450173166,400.150902863752,0.4,0.1099999999999994
2006-02-01,0.6019563707866382,5.908435525260458,3.2233225747980043,1.9324140117895183,-0.14871782173136694,0.023998774040213,155.73485095240176,266.9206806444106,0.3,0.1400000000000005
2006-03-01,1.8040594728379489,7.637744140970781,4.858226275970878,3.3095927159056515,-0.08912997582714866,-0.05871042033097762,301.28395644770353,139.25070740347496,0.2,0.2099999999999999
2006-04-01,5.994018456627259,3.5086635243555264,7.688094184519656,3.6586925211388177,0.059822213150908965,-0.045328290036568575,320.50504382146755,15.070173399433997,0.2,0.3000000000000007
2006-05-01,3.5820922121448717,1.1673727411803725,5.23682670512855,3.004687449003285,-0.05232646285020337,-0.13615832387325266,214.13671146216802,161.2985987027621,0.1,0.2800000000000002
2006-06-01,2.976930328515337,1.1662382121752302,3.6081665134751972,3.0256914222071885,0.13695463379602302,-0.13150086283979778,164.8953004636278,47.85445684411502,0.1,0.2800000000000002
2006-07-01,6.523366694711896,1.7471643413241367,10.86260467967648,1.1682715491716067,-0.02270022550170836,-0.0316467924958177,228.48228131461656,10.64502006257203,0.5,0.0899999999999998
2006-08-01,5.31104874822681,2.9062056554000293,-0.2055014454349191,2.446832059075277,0.31873371992682564,-0.036877866396562986,272.5876734413614,-47.42576262895841,-0.2,-0.1399999999999996
2006-09-01,-5.902618885915345,2.8993247212127926,4.2569604843151865,1.8886125084328853,0.07668280715640208,-0.24747364040335906,297.8856294450525,52.54531854492757,0.5,-0.1399999999999996
2006-10-01,-5.337295677883702,3.469912210050907,2.327242457808154,2.1689442936271064,-0.09654876102433718,-0.36371110941458884,217.03137222721125,-145.5352331846275,0.5,-0.2299999999999995
2006-11-01,0.5942064988957441,-1.155569637890963,0.8428311810902755,0.5663984246002229,-0.1792621070217706,-0.28585008265916567,347.65943818734377,-34.76456356693552,0.2,-0.3600000000000003
2006-12-01,6.516925422160824,-1.7353734320288083,11.194193996589519,1.6127703640684388,0.8097483515328463,-0.41412511165006904,462.3892921018996,76.7702882621054,0.5,-0.3199999999999994
2007-01-01,1.9894872674790065,4.097156942748725,6.3572966261851604,4.853508003803242,0.46920064576565323,-0.24875089720009846,623.8162557307805,-130.0153026275998,0.1,-0.2300000000000004
2007-02-01,4.645018960247427,6.34637525109234,3.4295249125200655,2.58802669586089,1.4292565742783978,-0.38991338143373877,663.503540466394,-25.21129243616292,0.1,-0.3200000000000003
2007-03-01,6.223976991839564,4.644957081437084,5.719153371332197,1.2077097835117456,1.6498453522946477,-0.5377812321076156,852.9710371278343,24.101391476764547,0.1,-0.4599999999999999
2007-04-01,3.5954033783983874,2.21587122696576,3.976051790549917,1.7111802326894576,2.392296941109194,-0.49249603966020317,895.6925598994421,53.843572535727844,0.2,-0.2800000000000002
2007-05-01,4.949371988308471,0.028637460416902627,5.239695019672297,1.4147889086071785,2.576426729422977,-0.6541620486110702,1035.0826888658048,13.934400457530955,0.1,-0.0600000000000005
2007-06-01,2.7768866153508043,0.9011082768612511,2.598930504443331,1.9862922425708973,2.7456839742049084,-0.522849302365926,1122.4938032392529,82.28928582199637,-0.1,0.4199999999999999
2007-07-01,2.134814960017195,1.6067899893396742,5.464113994860043,1.8016029267514,2.7580390139010547,-0.49858241641043044,1121.2064014898497,23.82267154224769,0.2,0.0599999999999996
2007-08-01,0.3698798401419623,2.01955913186751,5.868042383779226,1.784967558231898,3.1122715144592235,-0.6813496972509228,1130.4230311290012,35.4432859976705,0.3,0.2299999999999995
2007-09-01,5.074320294526302,2.9351985865865515,5.644482001429907,3.270192842952113,3.520969611340078,-0.6711048276148217,1272.2683781124651,-75.94179678453952,0.0,0.31
2007-10-01,3.6941932813189027,3.9060719965476665,4.5742611578099,3.122706718604107,3.438905310038095,-0.7677541742783545,1419.7886267966824,40.57203588350808,-0.1,0.3000000000000002
2007-11-01,9.393796899448148,0.6610315512876497,8.855503778931961,2.3540008241116794,4.210806104269182,-0.8711574995158262,1621.9416095674387,8.894670425591812,0.3,0.3999999999999999
2007-12-01,3.472588083538497,-0.4463104948229102,2.035256174402633,2.404616561307904,4.497460674880614,-0.6811212493394398,1829.5865623781574,-116.06682423700136,-0.1,0.4900000000000002
2008-01-01,4.130130440608326,4.410877697353044,2.8363693272481783,2.3860294161547557,4.63396528562896,-0.7973913727128226,1943.470086348243,-34.40599686843052,-0.1,0.2299999999999999
2008-02-01,2.8978903649448995,4.091785009634918,-1.7659340160953718,1.1705907246579272,4.524603876612915,-1.019666518512838,2014.2117279747908,18.791663963273322,-0.3,0.6599999999999997
2008-03-01,4.285970271294204,5.59791688041642,6.426552803104357,2.351499374462662,4.523938584786208,-0.9475899612154688,2091.296070554323,-45.556941004583905,0.2,1.22
2008-04-01,2.7740483586097042,1.0774117397353677,4.1779446946002,0.700433212636753,4.194217338500039,-1.1807341651218026,2033.0678215688968,-4.536216011360921,0.2,1.5499999999999998
2008-05-01,7.080062481748328,0.6750549015158924,7.365411736427774,2.181083025469732,3.921973903703801,-0.9186057896745137,2017.7264596066962,-12.227401619958187,0.0,1.42
2008-06-01,12.508462556599298,2.078233267303631,6.4726477587242925,2.7515569411132645,4.037750781254047,-0.8606294988881427,2052.3302779904916,92.28857662172493,-0.1,1.63
2008-07-01,8.53927847220568,2.735942162612659,-0.23561520186419216,2.1584951003617903,4.037818112708379,-0.8061661647085003,2045.797450150072,-0.06835770909833627,-0.4,1.67
2008-08-01,-1.7875015299544827,2.3915984481956087,-1.1080115517465572,1.4731962019418177,2.8351656402646483,-0.654516893143974,1965.9036265793547,-49.38468996414588,0.0,1.4200000000000002
2008-09-01,1.0256715596078436,2.137717986752463,-7.013586821342699,1.2262834462944738,-1.12299729791485,-0.8049268064415145,1729.2823885048565,-44.74690074807302,-0.7,1.75
2008-10-01,-10.362739679469612,0.8906768203424065,-9.802292662865142,-1.7035100841027884,0.17034174982930494,-0.5565955742860478,1481.4307960678416,-60.238041173176384,-0.4,2.06
2008-11-01,-21.436912911381967,-1.8428398735185425,-17.94072364071937,-0.5319904829001132,-0.7252267789199465,-0.408666968667613,957.7258203548845,-158.93805492808985,-0.2,2.1
2008-12-01,-9.921126064897834,-3.2717492897560874,-10.203904686400023,-0.5868271080949228,-3.0159242758678033,-0.0602461091058073,493.44155531399883,-225.9227025041431,-0.5,1.49
2009-01-01,3.0330891987201625,3.4324646995823827,5.582058750729146,-0.3686195568008088,-4.949821769748695,0.2895902645303776,-43.214413844340015,-272.2567070277404,0.4,1.4700000000000002
2009-02-01,4.363250677734243,5.336880993041504,-2.7694619266021903,0.9554466648957316,-5.173680850111225,0.6417695961295298,-573.0687686843157,-157.98910254872317,-0.4,1.57
2009-03-01,-1.1853246495274306,5.247512460125137,-6.282384219161941,0.8592520555573913,-6.25641936888114,0.8971992191451967,-1167.9451897690888,-214.15001640116623,-0.2,1.61
2009-04-01,1.2078909026367768,2.7629595107271143,-0.08595240900675094,2.6693007499620336,-6.701695894591751,1.0567418996978644,-1614.6275612195313,-221.7586044536904,-0.2,1.7000000000000002
2009-05-01,1.76449479917693,-0.08205537656813533,2.343067892908124,0.9246983289457944,-7.321034522209104,1.3211980984066862,-1750.818659851764,-141.8191510459992,0.0,1.95
2009-06-01,9.918431826529428,0.8485639137777667,7.428246077903822,1.5350568966173483,-7.41939395115098,1.2912948910366762,-1996.109135567851,-80.3205406147091,-0.1,2.53
2009-07-01,-0.3576118261868544,0.3664238020867572,4.121856048936223,1.0313242747219675,-6.267924475660024,1.1676676034848992,-2137.9680536407104,-56.24180904428033,0.3,2.28
2009-08-01,4.011431749055205,1.345203264453687,14.21405831869933,1.7755993909798207,-5.161661154287742,1.1508618883921002,-2133.7258606532414,-50.55641440385273,1.0,2.4
2009-09-01,2.314830560203518,2.952643035471425,-9.187327574327497,2.11103271737052,-4.260203773052666,1.2413423103710137,-2176.5645331845444,-39.23390908138208,-1.0,2.25
2009-10-01,3.5969219983023493,3.2337118769504514,5.8961659981733305,4.413034882975708,-3.9153936692819826,1.3394935130698933,-2190.5178724067227,-79.24033460271278,0.2,2.26
2009-11-01,4.011595853917171,-1.888034255889437,1.0820342976558095,1.0502575821057292,-3.4541763328186903,1.1456139358098927,-2036.468529177073,-15.539007916669675,0.0,2.18
2009-12-01,0.624049385757175,-1.956333741965821,8.012685534880859,1.0224445112822167,-3.043525351167574,1.059908997529309,-2141.147035056172,-14.087743171063494,0.5,2.29
2010-01-01,0.7782262510158233,0.3325347782084265,0.41772964362891685,1.7737567897722073,-2.0534744384770818,0.8825045606431257,-2017.1425001789758,26.156724584066865,-0.2,2.42
2010-02-01,-1.1426758520940439,2.81023553546369,4.4427952185422726,1.0468979603015072,-1.7170459529685047,0.813452882774822,-1997.8953439141915,22.238638614180104,0.3,2.25
2010-03-01,0.3975758950762298,2.483348504216565,7.419502731948313,1.7829915303689603,-1.125419650471514,0.852744936508941,-1737.7059062901826,59.20042574552792,0.5,2.28
2010-04-01,0.27601689345111424,0.5807001532772915,3.1035059558888634,0.6160576908150972,-0.8654560475135042,0.8003152046465054,-1398.7357846031082,114.08296845445818,0.1,2.42
2010-05-01,-0.6238885974902075,0.14641366295791158,3.3540778268445592,1.3247914631932645,0.2904624935204936,0.4560389515901626,-807.0259021279344,12.923038076642001,0.3,2.02
2010-06-01,-0.5026594532736794,0.39061211696100884,2.4067985428622762,0.5749592011529359,0.37211371135988713,0.219735864297796,-884.5200477101607,-32.25051648061492,0.2,1.88
2010-07-01,2.2410103936298498,-0.03800347412017402,4.308423411173834,0.026735585065296164,0.6145551737275099,0.19119396035564584,-940.1059667298687,-21.40974374320649,0.1,1.6
2010-08-01,1.7523560726868226,1.5880188650815086,4.549171434429411,1.1490670276295134,0.8288186071162471,0.27018599791492903,-915.6099795638875,31.475547382173204,0.5,1.31
2010-09-01,1.936735572788706,1.9267426338622329,2.326235813919908,0.6809041075868549,0.9619930605763898,0.2564714577685141,-979.7931214524142,25.437034776590394,0.1,1.26
2010-10-01,4.1709584421543155,0.9297864702237035,6.87090008065212,1.827184721928532,0.5440100263104739,0.14979105779274526,-705.3528436093184,-27.49578948079011,0.5,1.0499999999999998
2010-11-01,3.036764231080724,-0.0107433467956497,5.440931511473224,1.558242867526971,0.45673419144759464,0.5498677053460828,-594.9185560590995,-28.2951997715503,0.4,1.21
2010-12-01,4.810237726618993,-1.52482723341123,4.29379637822791,0.25285712002833804,1.1845924646427193,0.05641390563018511,-546.0706859900383,-37.93156104744787,0.1,1.79
2011-01-01,3.8853538569671997,2.064888823039368,4.952044882706019,2.5654810908044112,0.7964800368984868,-0.13089602141061718,-584.348346801853,48.62672668418793,0.1,1.84
2011-02-01,3.851183101710376,4.496130852982461,2.997878537942711,2.0961630961604527,0.22470983585212423,-0.21239167346431742,-422.252730318869,-69.58610244778845,0.1,2.13
2011-03-01,6.1922536627879055,3.648083639560795,8.971559205630086,1.8145999252432432,0.984039478027043,-0.18839355821742565,-266.2444486191089,7.460808829457733,0.3,2.01
2011-04-01,5.619739258866829,2.293842053235906,3.6555467865241553,2.749778114358037,0.46321097509702724,-0.059207433934675535,-33.75479067422566,-45.19684984301273,0.0,2.11
2011-05-01,3.8119965493436325,2.225323614309005,2.2622085736273334,2.8488851955003724,0.35269800266097207,-0.125125975994818,-20.196556258102646,-45.523906935863465,-0.1,1.8
2011-06-01,0.0,1.9064700085504427,2.5384948858921064,1.3166413802625954,0.4073420688889229,0.013562251850750329,105.01979893806856,-6.482052249630215,0.2,1.54
2011-07-01,3.1399326223965573,1.4559086813353161,4.122021750886518,1.775177430518582,0.6371601890341623,-0.04342262484546744,53.48522176180268,-0.029814202422585367,0.3,1.5
2011-08-01,3.779396746693209,3.777889416062763,2.0892012036291874,2.3890531535432302,1.0379410907062976,0.003638577645975971,64.78336601902265,-47.125271069832706,-0.1,1.0
2011-09-01,2.603032147060347,2.2027675259359114,3.6668475370802867,0.8127683593244228,0.7179292542795821,0.054468058514595796,153.49417126414482,8.273500942978217,0.3,0.89
2011-10-01,0.8099756123701951,2.4050892035095472,2.1902989945488116,0.5764695717463297,1.1350970808859273,-0.0912122357290901,224.19307820679387,-41.78830178088208,0.3,1.04
2011-11-01,2.215373856593672,0.6137302387035248,0.43313882662090464,2.5384096434304837,0.8816671154590239,-0.233684141078637,215.44486823919578,48.73394259301733,-0.1,0.9
2011-12-01,0.28521629036255547,-0.6296421364080373,1.2208319357149833,1.985112115231047,1.1441830767463728,-0.2732231593445551,260.7987537897716,20.88775786450924,0.0,0.88
2012-01-01,3.2645905887140003,2.6274781692109173,8.731491094000177,3.583161814274405,1.4724274566124507,-0.4100885642720087,459.7889858377457,38.71728353185722,0.4,0.8099999999999999
2012-02-01,2.5621980442412706,3.3117123541124727,9.914148879936846,1.6771491199659039,1.537803289763616,-0.34452065577565527,557.9317043376795,8.265208554584433,0.4,0.74
2012-03-01,2.5095385576779705,4.573014433209011,0.7315375708223826,2.038024126188276,0.7885113589995427,-0.37673125539762786,626.71111945351,-12.428466808031658,-0.1,0.94
2012-04-01,1.991292919289478,2.976172844077496,2.682125737256058,1.8144315538997091,1.2394456552246993,-0.30690825963452184,528.57269609184,33.67568373047004,0.1,0.81
2012-05-01,-2.4843861243386556,1.5637671217106686,-1.2748976241510945,1.2167235800987442,1.2205454116102459,-0.2352134030902029,455.9183775537531,-23.38205045547693,0.0,0.67
2012-06-01,-0.9920457570888885,1.4468115870990061,-1.85483247970879,1.22841529005413,0.9832637887124775,-0.1617871072949466,353.11340070312144,13.436281419413149,-0.1,0.62
2012-07-01,0.34652187660100253,0.07302887305868921,2.944572651585986,1.2400698642792918,0.946869186989602,-0.08675345951492375,309.49134140537353,-15.82974610606982,0.3,0.52
2012-08-01,6.951261291747812,1.5806120478995211,4.262263913443576,0.7614909559599425,0.2879617246923516,-0.11022531180051587,300.36125376206473,-14.141491568234642,-0.2,0.61
2012-09-01,5.711903836149901,3.040520203864716,5.3390457772238165,1.4699879339236332,-0.022424234733122717,-0.3323094916563045,284.0106994205853,66.54078578453448,0.4,0.56
2012-10-01,3.231797705280215,2.5762474289230397,3.4636106895668206,2.9088739145283427,0.07812567481725807,-0.25310517205133554,238.70638160780072,122.25780875187866,-0.2,0.61
2012-11-01,-2.016907408892976,-0.06743381721818764,4.4094368437534115,1.2848654795700298,0.19982737668614448,-0.2726884489066146,194.69528058549622,28.0456792455376,0.3,0.5800000000000001
2012-12-01,-0.14530672277572876,-1.1940549991162897,0.3005420506234202,0.8857557406631855,0.19649136882217988,0.008882158604911261,241.20779978335486,158.9320090516435,0.2,0.6299999999999999
2013-01-01,2.3745957197757406,3.003640713486888,7.617171286185709,2.4228577217556335,-0.014285727727255448,0.1915670680081316,219.46082212537294,58.942462339714325,0.3,0.74
2013-02-01,6.498285418745908,4.240951992566977,4.056269914940458,1.3055444255517301,0.21147906285132478,-0.024673919988632775,301.65447999400203,121.09166633419431,0.1,0.75
2013-03-01,-3.379055968742861,3.1967193721278875,-0.0425143707481368,1.0996505756303065,0.37596970843573274,-0.1398943079456778,235.9736654367298,157.39015503297617,0.1,0.73
2013-04-01,-2.5081945612086542,0.947090811455098,-0.9569717668860278,0.5877718029644541,0.05735549085780178,0.045854115043368004,209.58232227322878,-29.159946709542737,0.0,0.6499999999999999
2013-05-01,0.49688370094607137,1.162218757263389,4.300375796891132,1.4043750007015632,-0.09792041705814825,0.03252927476737977,220.6280072630907,54.432556089157856,0.2,0.7999999999999999
2013-06-01,2.8530954263459307,0.9145444110931322,2.414189466882277,2.065273329777284,-0.12461882550795167,0.12008591270168267,190.2437228380004,-47.83911659210219,0.2,1.15
2013-07-01,2.346646784635098,0.7804428936665886,2.9792681588446612,1.5275437253482238,-0.6653937446586298,0.008476511344185589,87.54715004024911,-17.98552481312049,0.1,1.36
2013-08-01,2.861334757645295,2.389461129721937,3.58221801454377,1.2968850594784698,-0.3250905305919787,-0.0023547861066948172,126.64275854246807,7.986093527179378,0.0,1.48
2013-09-01,0.45224839935791294,2.6811830450693463,4.12734243441335,1.422418065305564,-0.05120833149084092,0.08753557490084418,84.62893835411523,-69.93025047534684,0.5,1.58
2013-10-01,0.6421054361879897,1.940616521907046,5.4498239147072525,2.029105457948077,-0.3633237198067718,0.17809131244541465,86.595284848765,-5.741100314671257,0.2,1.32
2013-11-01,2.211348534692803,0.4133004392869566,6.712794764932539,1.9877301274796366,-0.3630097118571882,-0.030749934253740285,143.62551639028243,158.55185678262762,0.5,1.3
2013-12-01,3.1688153920391926,-1.2402047940767602,3.181939788940724,1.2769926555815658,-0.39521409314568245,-0.1390628934296334,-21.20266221894417,49.947332277492706,0.1,1.51
2014-01-01,2.9054900610898216,1.8106249115596995,-1.4914553965503785,1.3008815903649662,-0.987159440168142,-0.14692015790317825,-52.821520170749864,-74.56697291474302,-0.5,1.61
2014-02-01,1.320207849240873,3.6011187855741866,6.006292772111266,0.567903971730388,-0.4650408839972613,0.04561533665009598,-123.16185424983269,-29.00682644348774,0.7,1.47
2014-03-01,2.4479677682990086,4.185829283646925,8.774312184021227,1.7776940511723183,0.27721499703314123,0.13849085734339273,-72.15079307981068,-13.382817696141956,0.4,1.59
2014-04-01,2.234940201075375,3.0316865474301125,4.087789139838804,2.051788209069727,0.14041391909512413,-0.26834949644179495,18.29308762223809,49.29647830284091,0.2,1.67
2014-05-01,2.2814369780885357,2.585852218711082,4.582179215057636,2.0231748314248676,0.2956423473192018,-0.07497124274462408,10.25622261094395,3.0234158913474403,0.1,1.56
2014-06-01,1.5843123345558041,0.7700643904332338,5.516085592731201,1.355251744000796,0.4113769958692899,-0.1814212642225499,122.82377628763788,-103.21307395928466,0.4,1.64
2014-07-01,1.3498228833011439,0.17750545918140404,4.312028909678389,2.08009241244973,0.4038740481907581,0.012258762803270429,122.08020081592258,60.575729762845185,0.1,1.67
2014-08-01,-0.19201697875246282,0.923142437696356,7.967176088342143,0.4631440654573993,-0.026238880117972485,0.0060397607105828754,95.10141893045511,-50.61428435578205,0.6,1.6
2014-09-01,0.08590613074446196,2.8004899239981285,0.7707997311953818,1.6008506892180918,0.03333777973257668,-0.10010819942583193,164.95487557418528,-21.791434376585585,0.1,1.75
2014-10-01,-0.23752018893894444,2.8528927089904954,7.312928714333111,1.0369114013105474,-0.19009458132370582,-0.20621546595903073,175.7014114248741,19.03947651987346,0.4,1.53
2014-11-01,-2.2613215014505528,-0.4711019511081105,1.908185555675601,1.0609693998191005,0.2103631125235097,-0.012305435283770372,242.39041196063044,-64.12484155291168,0.4,1.6
2014-12-01,-3.7072519897492384,-1.9922883851368312,1.210918216898449,0.8481006433147087,-0.03357686190275899,-0.11838718327633924,293.05906117268023,-2.2890006673178505,0.2,1.61
